product_id,옵션명,옵션영어명,나이,가격
TC00325630,발 마사지 60분,Foot Massage 60min,성인,"23,668 원"
TC00325630,발 마사지 60분,Foot Massage 60min,아동,"23,668 원"
TC00325630,아로마 마사지 60분,Aroma Massage 60min,성인,"26,627 원"
TC00325630,아로마 마사지 60분,Aroma Massage 60min,아동,"26,627 원"
TC00325630,발 마사지 90분,Foot Massage 90min,성인,"29,585 원"
TC00325630,발 마사지 90분,Foot Massage 90min,아동,"29,585 원"
TC00325630,타이 마사지 60분,Thai Massage 60min,성인,"32,544 원"
TC00325630,핫스톤 마사지 90분,Hot Stone Massage 90min,성인,"32,544 원"
TC00325630,아로마 마사지 90분,Aroma Massage 90min,성인,"32,544 원"
TC00325630,아로마 마사지 90분,Aroma Massage 90min,아동,"32,544 원"
TC00325630,타이 마사지 90분,Thai Massage 90min,성인,"38,461 원"
TC00325630,핫스톤 마사지 120분,Hot Stone Massage 120min,성인,"38,461 원"
TC00325630,아로마 마사지 120분,Aroma Massage 120min,성인,"38,461 원"
TC00325630,아로마 마사지 120분,Aroma Massage 120min,아동,"38,461 원"
TC00325630,타이 마사지 120분,Thai Massage 120min,성인,"44,378 원"
TC00627148,콤보B - 3인그룹 인당 요금,COMBO B FOR 3 PAX,성인,"19,763 원"
TC00627148,콤보A - 2인그룹 인당 요금,COMBO A FOR 2PAX,성인,"21,479 원"
TC00627148,콤보B - 2인그룹 인당 요금,COMBO B FOR 2 PAX,성인,"28,106 원"
TC00627148,콤보A - 1인그룹 요금,COMBO A FOR 1PAX,성인,"39,940 원"
TC00627148,콤보B - 1인그룹 요금,COMBO B FOR 1 PAX,성인,"53,253 원"
TC00934235,나트랑 요리 체험 씨클로 투어,VT04 - Nha Trang cuisine experience by pedicab,아동,"28,993 원"
TC00934235,나트랑 요리 체험 씨클로 투어,VT04 - Nha Trang cuisine experience by pedicab,성인,"52,070 원"
TC01725747,투어픽라운지이용권&공항픽업,Tourpik Lounge Ticket&Airport Pickup,성인,"17,751 원"
TC01725747,투어픽라운지이용권&공항픽업,Tourpik Lounge Ticket&Airport Pickup,아동,"8,876 원"
TC02211037,"베트남 유심 비나폰 5GB/매일, 7일 사용가능","SIM VINAPHONE 5GB/day, 7days",성인,"5,029 원"
TC02211037,"베트남 유심 비나폰 5GB/매일, 7일 사용가능","SIM VINAPHONE 5GB/day, 7days",아동,"5,029 원"
TC02211037,"베트남 유심 비나폰 5GB/매일, 7일 사용가능","SIM VINAPHONE 5GB/day, 7days",유아,"5,029 원"
TC03944631,코랄 다이빙 그룹 투어 인당 요금 (4인이상 예약시),CORAL DIVING TOUR group 4pax and more,아동,"36,153 원"
TC03944631,코랄 다이빙 그룹 투어 인당 요금 (1-3인 예약시),CORAL DIVING TOUR group 1-3pax,아동,"39,466 원"
TC03944631,코랄 다이빙 그룹 투어 인당 요금 (4인이상 예약시),CORAL DIVING TOUR group 4pax and more,성인,"66,330 원"
TC03944631,코랄 다이빙 그룹 투어 인당 요금 (1-3인 예약시),CORAL DIVING TOUR group 1-3pax,성인,"73,016 원"
TC04038532,사파리 티켓,Vinpearl Safari,아동,"32,366 원"
TC04038532,사파리 티켓,Vinpearl Safari,60세이상,"32,366 원"
TC04038532,사파리 티켓 + 주트램,Vinpearl Safari + Zoo Tram,아동,"37,100 원"
TC04038532,사파리 티켓 + 주트램,Vinpearl Safari + Zoo Tram,60세이상,"38,283 원"
TC04038532,사파리 티켓,Vinpearl Safari,성인,"42,898 원"
TC04038532,사파리 티켓 + 주트램,Vinpearl Safari + Zoo Tram,성인,"48,815 원"
TC04304386,머드 배스 (3~5인이용시) 인당요금,Mud bath Group  3-5 pax,성인,"11,834 원"
TC04304386,머드 배스 (1~2인이용시) 인당요금,Mud bath Group 1-2 pax,성인,"15,976 원"
TC04304386,발 마사지 60분,Foot massage 60 minutes,성인,"21,360 원"
TC04304386,아동 마사지 60분,Massage child 60 minutes,아동,"23,017 원"
TC04304386,발 마사지 90분,Foot massage 90 minutes,성인,"25,502 원"
TC04304386,아로마 테라피 마사지 60분,Aromatherapy massage 60 minutes,성인,"27,987 원"
TC04304386,임산부 마사지 60분,Pregnant mother massage 60 minutes,성인,"27,987 원"
TC04304386,아동 마사지 90분,Massage child 90 minutes,아동,"27,987 원"
TC04304386,갈리나 스페셜 마사지 60분,Galina's Special Massage 60 minutes,성인,"28,402 원"
TC04304386,발 마사지 120분,Foot massage 120 minutes,성인,"29,644 원"
TC04304386,아동 마사지 120분,Massage child 120 minutes,아동,"32,958 원"
TC04304386,아로마 테라피 마사지 90분,Aromatherapy massage 90 minutes,성인,"35,443 원"
TC04304386,임산부 마사지 90분,Pregnant mother massage 90 minutes,성인,"35,443 원"
TC04304386,핫 스톤 마사지 90분,Hot stone massage 90 minutes,성인,"35,443 원"
TC04304386,썬번 피부 완화 마사지 90분,Massage to soothe sunburn 90 minutes,성인,"35,443 원"
TC04304386,머드 배스 + 마사지 콤보 60분,Combo mud bath + Massage 60 minutes,성인,"35,443 원"
TC04304386,갈리나 스페셜 마사지 90분,Galina's Special Massage 90 minutes,성인,"35,857 원"
TC04304386,머드 배스 + 마사지 콤보 90분,Combo mud bath + Massage 90 minutes,성인,"41,241 원"
TC04304386,아로마 테라피 마사지 90분,Aromatherapy massage 120 minutes,성인,"42,070 원"
TC04304386,임산부 마사지 120분,Pregnant mother massage 120 minutes,성인,"42,070 원"
TC04304386,핫 스톤 마사지 120분,Hot stone massage 120 minutes,성인,"42,070 원"
TC04304386,썬번 피부 완화 마사지 120분,Massage to soothe sunburn 120 minutes,성인,"42,070 원"
TC04304386,갈리나 스페셜 마사지 120분,Galina's Special Massage 120 minutes,성인,"42,484 원"
TC04304386,머드 배스 + 마사지 콤보 120분,Combo mud bath + Massage 120 minutes,성인,"46,212 원"
TC04304386,머드 배스 (1~2인이용시) 인당요금,Mud bath Group 1-2 pax,아동,"7,692 원"
TC04304386,머드 배스 (3~5인이용시) 인당요금,Mud bath Group  3-5 pax,아동,"7,692 원"
TC04304386,스팀 배스 & 사우나,Steam bath & sauna,성인,"7,692 원"
TC04304386,스팀 배스 & 사우나,Steam bath & sauna,아동,"7,692 원"
TC05435273,빈원더스 티켓,VinWonders,아동,"40,117 원"
TC05435273,빈원더스 티켓,VinWonders,60세이상,"40,117 원"
TC05435273,빈원더스 티켓,VinWonders,성인,"53,431 원"
TC06082350,엠퍼러 데이 크루즈,Emperor Day Cruise,아동,"54,141 원"
TC06082350,엠퍼러 데이 크루즈,Emperor Day Cruise,성인,"65,975 원"
TC06692960,"[7인] 원데이 푸꾸옥 명소 프라이빗 투어, 인당요금",LA_02: A FULL DAY LEISURE TOUR PHU QUOC - EAST & SOUTH ISLAND DISCOVERY - Group min 7pax,성인,"103,784 원"
TC06692960,"[4인] 원데이 푸꾸옥 명소 프라이빗 투어, 인당요금",LA_02: A FULL DAY LEISURE TOUR PHU QUOC - EAST & SOUTH ISLAND DISCOVERY - Group min 4pax,아동,"105,263 원"
TC06692960,"[6인] 원데이 푸꾸옥 명소 프라이빗 투어, 인당요금",LA_02: A FULL DAY LEISURE TOUR PHU QUOC - EAST & SOUTH ISLAND DISCOVERY - Group min 6pax,성인,"110,175 원"
TC06692960,"[3인] 원데이 푸꾸옥 명소 프라이빗 투어, 인당요금",LA_02: A FULL DAY LEISURE TOUR PHU QUOC - EAST & SOUTH ISLAND DISCOVERY - Group min 3pax,아동,"116,092 원"
TC06692960,"[5인] 원데이 푸꾸옥 명소 프라이빗 투어, 인당요금",LA_02: A FULL DAY LEISURE TOUR PHU QUOC - EAST & SOUTH ISLAND DISCOVERY - Group min 5pax,성인,"116,565 원"
TC06692960,"[4인] 원데이 푸꾸옥 명소 프라이빗 투어, 인당요금",LA_02: A FULL DAY LEISURE TOUR PHU QUOC - EAST & SOUTH ISLAND DISCOVERY - Group min 4pax,성인,"122,955 원"
TC06692960,"[2인] 원데이 푸꾸옥 명소 프라이빗 투어, 인당요금",LA_02: A FULL DAY LEISURE TOUR PHU QUOC - EAST & SOUTH ISLAND DISCOVERY - Group min 2pax,아동,"132,422 원"
TC06692960,"[3인] 원데이 푸꾸옥 명소 프라이빗 투어, 인당요금",LA_02: A FULL DAY LEISURE TOUR PHU QUOC - EAST & SOUTH ISLAND DISCOVERY - Group min 3pax,성인,"135,736 원"
TC06692960,"[2인] 원데이 푸꾸옥 명소 프라이빗 투어, 인당요금",LA_02: A FULL DAY LEISURE TOUR PHU QUOC - EAST & SOUTH ISLAND DISCOVERY - Group min 2pax,성인,"154,907 원"
TC06692960,"[10인이상] 원데이 푸꾸옥 명소 프라이빗 투어, 인당요금",LA_02: A FULL DAY LEISURE TOUR PHU QUOC - EAST & SOUTH ISLAND DISCOVERY - Group min 10pax,아동,"72,661 원"
TC06692960,"[9인] 원데이 푸꾸옥 명소 프라이빗 투어, 인당요금",LA_02: A FULL DAY LEISURE TOUR PHU QUOC - EAST & SOUTH ISLAND DISCOVERY - Group min 9pax,아동,"78,104 원"
TC06692960,"[8인] 원데이 푸꾸옥 명소 프라이빗 투어, 인당요금",LA_02: A FULL DAY LEISURE TOUR PHU QUOC - EAST & SOUTH ISLAND DISCOVERY - Group min 8pax,아동,"83,548 원"
TC06692960,"[10인이상] 원데이 푸꾸옥 명소 프라이빗 투어, 인당요금",LA_02: A FULL DAY LEISURE TOUR PHU QUOC - EAST & SOUTH ISLAND DISCOVERY - Group min 10pax,성인,"84,613 원"
TC06692960,"[7인] 원데이 푸꾸옥 명소 프라이빗 투어, 인당요금",LA_02: A FULL DAY LEISURE TOUR PHU QUOC - EAST & SOUTH ISLAND DISCOVERY - Group min 7pax,아동,"88,933 원"
TC06692960,"[9인] 원데이 푸꾸옥 명소 프라이빗 투어, 인당요금",LA_02: A FULL DAY LEISURE TOUR PHU QUOC - EAST & SOUTH ISLAND DISCOVERY - Group min 9pax,성인,"91,003 원"
TC06692960,"[6인] 원데이 푸꾸옥 명소 프라이빗 투어, 인당요금",LA_02: A FULL DAY LEISURE TOUR PHU QUOC - EAST & SOUTH ISLAND DISCOVERY - Group min 6pax,아동,"94,376 원"
TC06692960,"[8인] 원데이 푸꾸옥 명소 프라이빗 투어, 인당요금",LA_02: A FULL DAY LEISURE TOUR PHU QUOC - EAST & SOUTH ISLAND DISCOVERY - Group min 8pax,성인,"97,394 원"
TC06692960,"[5인] 원데이 푸꾸옥 명소 프라이빗 투어, 인당요금",LA_02: A FULL DAY LEISURE TOUR PHU QUOC - EAST & SOUTH ISLAND DISCOVERY - Group min 5pax,아동,"99,820 원"
TC06735063,[단독투어] 11인이상 투어시 인당 요금,[Private tour] 11 pax and above per person,성인,"101,772 원"
TC06735063,[단독투어] 11인이상 투어시 인당 요금,[Private tour] 11 pax and above per person,아동,"101,772 원"
TC06735063,[단독투어] 5인~10인 투어시 인당 요금,[Private tour] 5 - 10 pax per person,성인,"108,163 원"
TC06735063,[단독투어] 5인~10인 투어시 인당 요금,[Private tour] 5 - 10 pax per person,아동,"108,163 원"
TC06735063,[단독투어] 4인 투어시 인당 요금,[Private tour] 4 pax,성인,"114,553 원"
TC06735063,[단독투어] 4인 투어시 인당 요금,[Private tour] 4 pax,아동,"114,553 원"
TC06735063,[조인투어] 인당 요금 (최소 2인이상 신청가능),[Join-in] Minimum 2 pax,성인,"141,712 원"
TC06735063,[단독투어] 3인 투어시 인당 요금,[Private tour] 3 pax,성인,"150,765 원"
TC06735063,[단독투어] 3인 투어시 인당 요금,[Private tour] 3 pax,아동,"150,765 원"
TC06735063,[단독투어] 2인 투어시 인당 요금,[Private tour] 2 pax,성인,"223,189 원"
TC06735063,[단독투어] 2인 투어시 인당 요금,[Private tour] 2 pax,아동,"223,189 원"
TC06735063,[단독투어] 1인 투어시 인당 요금,[Private tour] 1 pax,성인,"440,461 원"
TC06735063,[단독투어] 1인 투어시 인당 요금,[Private tour] 1 pax,아동,"440,461 원"
TC06735063,[조인투어] 인당 요금 (최소 2인이상 신청가능),[Join-in] Minimum 2 pax,아동,"73,844 원"
TC07470188,키즈 마사지 60분,Kids Massage 60min,아동,"24,970 원"
TC07470188,발마사지 60분,Foot Massage 60min,성인,"28,697 원"
TC07470188,키즈 마사지 90분,Kids Massage 90min,아동,"29,112 원"
TC07470188,아로마 마사지 60분,Aroma Massage 60min,성인,"29,940 원"
TC07470188,태교 마사지 60분,Pregnant Massage 60min,성인,"30,354 원"
TC07470188,타이 마사지 60분,Thai Massage 60min,성인,"31,183 원"
TC07470188,핫스톤 마사지 60분,Hot Stone Massage 60min,성인,"31,183 원"
TC07470188,알로에 마사지 60분,Aloe Massage 60min,성인,"31,597 원"
TC07470188,키즈 마사지 120분,Kids Massage 120min,아동,"32,011 원"
TC07470188,발마사지 90분,Foot Massage 90min,성인,"35,739 원"
TC07470188,아로마 마사지 90분,Aroma Massage 90min,성인,"36,981 원"
TC07470188,핫스톤 마사지 90분,Hot Stone Massage 90min,성인,"38,224 원"
TC07470188,타이 마사지 90분,Thai Massage 90min,성인,"38,224 원"
TC07470188,태교 마사지 90분,Pregnant Massage 90min,성인,"38,224 원"
TC07470188,알로에 마사지 90분,Aloe Massage 90min,성인,"38,638 원"
TC07470188,아로마 마사지 120분,Aroma Massage 120min,성인,"41,123 원"
TC07470188,핫스톤 마사지 120분,Hot Stone Massage 120min,성인,"42,780 원"
TC07470188,알로에 마사지 120분,Aloe Massage 120min,성인,"42,780 원"
TC07470188,타이 마사지 120분,Thai Massage 120min,성인,"42,780 원"
TC07470188,태교 마사지 120분,Pregnant Massage 120min,성인,"42,780 원"
TC07648976,[케이블카 불포함] 스탠다드 4시간 아쿠아필드 티켓,Standard 4-hour Aquafield (without cable car),아동,"17,988 원"
TC07648976,[케이블카 불포함] 스탠다드 4시간 아쿠아필드 티켓,Standard 4-hour Aquafield (without cable car),성인,"26,035 원"
TC07648976,[케이블카 불포함] 아쿠아필드 사우나 2시간 + 스파 30분,Aquafiled 2h + Spa 30',성인,"26,035 원"
TC07648976,[케이블카 불포함] 아쿠아필드 사우나 2시간 + 스파 30분,Aquafiled 2h + Spa 30',아동,"26,035 원"
TC07648976,[왕복 케이블카 포함] 아쿠아필드 사우나 2시간 + 스파 30분,Aquafiled 2h + Spa 30' + Cable car 2 ways,성인,"31,064 원"
TC07648976,[왕복 케이블카 포함] 아쿠아필드 사우나 2시간 + 스파 30분,Aquafiled 2h + Spa 30' + Cable car 2 ways,아동,"31,064 원"
TC07648976,[왕복 케이블카 포함] 아쿠아필드 2시간 + VIP스파,Aquafield 2h + Spa VIP 5*,성인,"46,153 원"
TC08131429,(콤보티켓)빈원더스+빈펄사파리 - 1일내 사용,Vinwonders and Vinpearl Safari Phu quoc - 1Day,아동,"60,176 원"
TC08131429,(콤보티켓)빈원더스+빈펄사파리+테디베어뮤지엄 - 2일내 사용,Vinwonders and Vinpearl Safari Phu quoc - 2Days,아동,"65,738 원"
TC08131429,(콤보티켓)빈원더스+빈펄사파리+테디베어뮤지엄 - 2일내 사용,Vinwonders and Vinpearl Safari Phu quoc - 2Days,60세이상,"65,738 원"
TC08131429,(콤보티켓)빈원더스+빈펄사파리 - 1일내 사용,Vinwonders and Vinpearl Safari Phu quoc - 1Day,60세이상,"68,519 원"
TC08131429,(콤보티켓)빈원더스+빈펄사파리 - 1일내 사용,Vinwonders and Vinpearl Safari Phu quoc - 1Day,성인,"82,424 원"
TC08131429,(콤보티켓)빈원더스+빈펄사파리+테디베어뮤지엄 - 2일내 사용,Vinwonders and Vinpearl Safari Phu quoc - 2Days,성인,"87,986 원"
TC09127036,럭셔리 선셋 카타마란 요트 투어,Sunset Trip With Catamaran VN Yacht,아동,"44,378 원"
TC09127036,럭셔리 선셋 카타마란 요트 투어,Sunset Trip With Catamaran VN Yacht,성인,"82,838 원"
TC11489361,모닝 투어-마사지 불포함,Morning tour-exclude spa,성인,"9,900 원(1인 15 USD 잔금 현장결제) "
TC11489361,모닝 투어-마사지 포함,Morning tour-include spa,아동,"9,900 원(1인 18 USD 잔금 현장결제) "
TC11489361,모닝 투어-마사지 불포함,Morning tour-exclude spa,아동,"9,900 원(1인 3 USD 잔금 현장결제) "
TC11489361,모닝 투어-마사지 포함,Morning tour-include spa,성인,"9,900 원(1인 35 USD 잔금 현장결제) "
TC13501156,남부 3섬 호핑투어 (케이블카 포함),Discovery 3 Island with Cable car,아동,"57,572 원"
TC13501156,남부 3섬 호핑투어 (케이블카 포함),Discovery 3 Island with Cable car,성인,"80,945 원"
TC14495540,7인 투어시 (인당요금),CORAL MOUNTAIN & HALF-MOON REEF - SOUTH (7 pax),성인,"102,009 원"
TC14495540,2인 투어시 (인당요금),CORAL MOUNTAIN & HALF-MOON REEF - SOUTH (2pax),아동,"103,607 원"
TC14495540,6인 투어시 (인당요금),CORAL MOUNTAIN & HALF-MOON REEF - SOUTH (6 pax),성인,"108,399 원"
TC14495540,5인 투어시 (인당요금),CORAL MOUNTAIN & HALF-MOON REEF - SOUTH (5 pax),성인,"114,790 원"
TC14495540,4인 투어시 (인당요금),CORAL MOUNTAIN & HALF-MOON REEF - SOUTH (4 pax),성인,"127,571 원"
TC14495540,3인 투어시 (인당요금),CORAL MOUNTAIN & HALF-MOON REEF - SOUTH (3 pax),성인,"140,351 원"
TC14495540,2인 투어시 (인당요금),CORAL MOUNTAIN & HALF-MOON REEF - SOUTH (2pax),성인,"204,255 원"
TC14495540,10인 투어시 (인당요금),CORAL MOUNTAIN & HALF-MOON REEF - SOUTH (10 pax),아동,"42,898 원"
TC14495540,9인 투어시 (인당요금),CORAL MOUNTAIN & HALF-MOON REEF - SOUTH (9 pax),아동,"46,093 원"
TC14495540,8인 투어시 (인당요금),CORAL MOUNTAIN & HALF-MOON REEF - SOUTH (8 pax),아동,"49,289 원"
TC14495540,7인 투어시 (인당요금),CORAL MOUNTAIN & HALF-MOON REEF - SOUTH (7 pax),아동,"52,484 원"
TC14495540,6인 투어시 (인당요금),CORAL MOUNTAIN & HALF-MOON REEF - SOUTH (6 pax),아동,"55,679 원"
TC14495540,5인 투어시 (인당요금),CORAL MOUNTAIN & HALF-MOON REEF - SOUTH (5 pax),아동,"58,874 원"
TC14495540,4인 투어시 (인당요금),CORAL MOUNTAIN & HALF-MOON REEF - SOUTH (4 pax),아동,"65,265 원"
TC14495540,3인 투어시 (인당요금),CORAL MOUNTAIN & HALF-MOON REEF - SOUTH (3 pax),아동,"71,655 원"
TC14495540,10인 투어시 (인당요금),CORAL MOUNTAIN & HALF-MOON REEF - SOUTH (10 pax),성인,"82,838 원"
TC14495540,9인 투어시 (인당요금),CORAL MOUNTAIN & HALF-MOON REEF - SOUTH (9 pax),성인,"89,228 원"
TC14495540,8인 투어시 (인당요금),CORAL MOUNTAIN & HALF-MOON REEF - SOUTH (8 pax),성인,"95,619 원"
TC14615693,코랄 정글 스노쿨링 투어 (인당요금),SOFT-ADVENTURE SNORKELING (MAX 9-10 PAX) min 6 pax/group,아동,"41,774 원"
TC14615693,코랄 정글 스노쿨링 투어 (인당요금),SOFT-ADVENTURE SNORKELING (MAX 9-10 PAX) min 6 pax/group,성인,"80,649 원"
TC14770980,헤어 릴렉세이션-더 퓨리티 60분,HAIR RELAXATION ~ 60 MINS - The Purity,성인,"25,325 원"
TC14770980,헤어 릴렉세이션-더 르네상스 60분,HAIR RELAXATION ~ 60 MINS - The Renaissance,성인,"27,277 원"
TC14770980,풋 릴리프(발마사지) 60분,Foot Relief - 60 mins,성인,"34,733 원"
TC14770980,키도 테라피(키즈 마사지) 60분,Kiddo Therapy (KID) - 60 mins,아동,"38,697 원"
TC14770980,아로마테라피 60분,Aromatherapy - 60 mins,성인,"41,715 원"
TC14770980,베트남 딥 티슈 60분,Vietnamese Deep Tissue - 60 mins,성인,"44,673 원"
TC14770980,맘 투비 컴포트(임산부마사지) 60분,Mum to be Comfort - 60 mins,성인,"44,673 원"
TC14770980,키도 테라피(키즈 마사지) 90분,Kiddo Therapy (KID) - 90 mins,아동,"49,644 원"
TC14770980,아로마테라피 90분,Aromatherapy - 90 mins,성인,"54,614 원"
TC14770980,패키지 셀프러브 90분,"PACKAGE - SELFLOVE	- 90 mins",성인,"55,028 원"
TC14770980,핫스톤 릴렉세이션 90분,Hot Stone Relaxation - 90 mins,성인,"59,584 원"
TC14770980,베트남 딥 티슈 90분,Vietnamese Deep Tissue - 90 mins,성인,"59,584 원"
TC14770980,룩 쁘라 꼽 90분,Luk Pra Kob (New) - 90 mins,성인,"59,584 원"
TC14770980,맘 투비 컴포트(임산부마사지) 90분,Mum to be Comfort - 90 mins,성인,"59,584 원"
TC14770980,아난다 스페셜 시그니처 90분,Ananda's Special (Signature) - 90 mins,성인,"63,075 원"
TC14770980,아로마테라피 120분,Aromatherapy - 120 mins,성인,"67,040 원"
TC14770980,룩 쁘라 꼽 120분,Luk Pra Kob (New) - 120 mins,성인,"69,525 원"
TC14770980,핫스톤 릴렉세이션 120분,Hot Stone Relaxation - 120 mins,성인,"69,525 원"
TC14770980,베트남 딥 티슈 120분,Vietnamese Deep Tissue - 120 mins,성인,"69,525 원"
TC14770980,아난다 스페셜 시그니처 120분,Ananda's Special (Signature) - 120 mins,성인,"73,016 원"
TC14770980,패키지 언플러그 110분,PACKAGE - UNPLUG - 110 mins,성인,"73,016 원"
TC14770980,패키지 골퍼홀릭 120분,PACKAGE - GOLFER HOLICS - 120 mins,성인,"86,092 원"
TC14770980,패키지 블리스 150분,PACKAGE - BLISS - 150 mins,성인,"95,915 원"
TC18669194,핫 미네랄 스프링 1~14인 예약시 인당요금,Mineral Spring Bath - Group 1-14 pax,성인,"10,710 원"
TC18669194,핫 미네랄 머드 배스(3인용 소형욕조) 1~14인 예약시 인당요금,Hot Mineral Mud Bath - group under 15 pax ( small tub 1-3 pax),아동,"12,307 원"
TC18669194,핫 미네랄 머드 배스(10인용 대형욕조) 1~14인 예약시 인당요금,Hot Meniral Mud Bath - group under 15 pax ( big tub  4-10 pax),아동,"12,307 원"
TC18669194,핫 미네랄 허브(10인용 대형욕조) 15인이상 예약시 인당요금,Hot Minerral with Herb group over 15pax( big tub 4- 10pax),성인,"14,260 원"
TC18669194,핫 미네랄 허브(10인용 대형욕조) 1~14인 예약시 인당요금,Hot Minerral with Herb group under 15pax( big tub 4- 10pax),성인,"14,970 원"
TC18669194,핫 미네랄 허브(3인용 소형욕조) 15인이상 예약시 인당요금,Hot Minerral with Herb group over 15pax( small tub 1- 3pax),성인,"15,739 원"
TC18669194,핫 미네랄 머드 배스(10인용 대형욕조) 15인이상 예약시 인당요금,Hot Mineral Mud Bath - group over 15 pax ( big tub 4 -10 pax),성인,"16,153 원"
TC18669194,핫 미네랄 허브(3인용 소형 욕조) 1~14인 예약시 인당요금,Hot Minerral with Herb group under 15pax( small tub 1- 3pax),성인,"16,568 원"
TC18669194,핫 미네랄 머드 배스(3인용 소형욕조) 15인이상 예약시 인당요금,Hot Mineral Mud Bath - group over 15 pax ( small tub 1-3 pax),성인,"18,224 원"
TC18669194,핫 미네랄 머드 배스(10인용 대형욕조) 1~14인 예약시 인당요금,Hot Meniral Mud Bath - group under 15 pax ( big tub  4-10 pax),성인,"20,295 원"
TC18669194,핫 미네랄 머드 배스(3인용 소형욕조) 1~14인 예약시 인당요금,Hot Mineral Mud Bath - group under 15 pax ( small tub 1-3 pax),성인,"22,958 원"
TC18669194,VIP (머드 배스 + 미네랄 허브 배스 + 온수 수영장) - 성인 1인 예약시 인당요금,VIP 1 Adult - Swimming pool,성인,"227,982 원"
TC18669194,VIP (머드 배스 + 미네랄 허브 배스 + 온수 수영장) - 성인 2인 예약시 인당요금,VIP 2 Adult - Swimming Pool,성인,"241,295 원"
TC18669194,VIP 카이 리버뷰 룸 (머드 배스 + 미네랄 허브 배스 + 온수 수영장) - 성인 1인 예약시 인당요금,VIP 1 Adult - Cai River,성인,"248,100 원"
TC18669194,VIP 카이 리버뷰 룸 (머드 배스 + 미네랄 허브 배스 + 온수 수영장) - 성인 2인 예약시 인당요금,VIP 2 Adult - Cai River,성인,"262,596 원"
TC18669194,머드 하우스(3인용 소형욕조) 30인이상 예약시 인당요금,Mud house - group over 30 pax  (small tub 1-3pax),아동,"36,863 원"
TC18669194,머드 하우스(10인용 대형욕조) 30인이상 예약시 인당요금,Mud house - group over 30 pax  (big tub 4-10pax),아동,"36,863 원"
TC18669194,VIP (머드 배스 + 미네랄 허브 배스 + 온수 수영장) - 성인 1인 예약시 인당요금,VIP 1 Adult - Swimming pool,아동,"38,934 원"
TC18669194,VIP (머드 배스 + 미네랄 허브 배스 + 온수 수영장) - 성인 2인 예약시 인당요금,VIP 2 Adult - Swimming Pool,아동,"38,934 원"
TC18669194,머드 하우스(3인용 소형욕조) 1~29인 예약시 인당요금,Mud house - group under 30 pax  (small tub 1-3pax),아동,"38,934 원"
TC18669194,머드 하우스(10인용 대형욕조) 1~29인 예약시 인당요금,Mud house - group under 30 pax  (big tub 4-10pax),아동,"38,934 원"
TC18669194,핫 미네랄 스프링 15인이상 예약시 인당요금,Mineral Spring Bath - Group from 15 pax,아동,"4,970 원"
TC18669194,핫 미네랄 스프링 1~14인 예약시 인당요금,Mineral Spring Bath - Group 1-14 pax,아동,"5,917 원"
TC18669194,머드 하우스(10인용 대형욕조) 30인이상 예약시 인당요금,Mud house - group over 30 pax  (big tub 4-10pax),성인,"51,951 원"
TC18669194,머드 하우스(10인용 대형욕조) 1~29인 예약시 인당요금,Mud house - group under 30 pax  (big tub 4-10pax),성인,"54,910 원"
TC18669194,머드 하우스(3인용 소형욕조) 30인이상 예약시 인당요금,Mud house - group over 30 pax  (small tub 1-3pax),성인,"62,010 원"
TC18669194,머드 하우스(3인용 소형욕조) 1~29인 예약시 인당요금,Mud house - group under 30 pax  (small tub 1-3pax),성인,"65,560 원"
TC18669194,핫 미네랄 스프링 15인이상 예약시 인당요금,Mineral Spring Bath - Group from 15 pax,성인,"8,698 원"
TC18669194,핫 미네랄 허브(3인용 소형욕조) 15인이상 예약시 인당요금,Hot Minerral with Herb group over 15pax( small tub 1- 3pax),아동,"9,231 원"
TC18669194,핫 미네랄 허브(10인용 대형욕조) 15인이상 예약시 인당요금,Hot Minerral with Herb group over 15pax( big tub 4- 10pax),아동,"9,231 원"
TC18669194,핫 미네랄 허브(3인용 소형 욕조) 1~14인 예약시 인당요금,Hot Minerral with Herb group under 15pax( small tub 1- 3pax),아동,"9,645 원"
TC18669194,핫 미네랄 허브(10인용 대형욕조) 1~14인 예약시 인당요금,Hot Minerral with Herb group under 15pax( big tub 4- 10pax),아동,"9,645 원"
TC18669194,핫 미네랄 머드 배스(3인용 소형욕조) 15인이상 예약시 인당요금,Hot Mineral Mud Bath - group over 15 pax ( small tub 1-3 pax),아동,"9,941 원"
TC18669194,핫 미네랄 머드 배스(10인용 대형욕조) 15인이상 예약시 인당요금,Hot Mineral Mud Bath - group over 15 pax ( big tub 4 -10 pax),아동,"9,941 원"
TC19362131,런치뷔페 (All you can eat),All you can eat,아동,"11,716 원"
TC19362131,런치뷔페 (All you can eat),All you can eat,성인,"20,414 원"
TC19362131,씨푸드 디너뷔페,Dinner buffet,아동,"20,710 원"
TC19362131,씨푸드 디너뷔페+랍스터 반마리(인당),Buffet dinner + 1/2 Lobster,아동,"25,147 원"
TC19362131,씨푸드 디너뷔페+랍스터 1마리(인당),Buffet dinner+ 1 Lobster,아동,"29,585 원"
TC19362131,씨푸드 디너뷔페,Dinner buffet,성인,"38,461 원"
TC19362131,씨푸드 디너뷔페 + 랍스터 무제한,Buffet dinner+ Lobster Unlimited,아동,"39,940 원"
TC19362131,씨푸드 디너뷔페+랍스터 반마리(인당),Buffet dinner + 1/2 Lobster,성인,"47,336 원"
TC19362131,씨푸드 디너뷔페+랍스터 1마리(인당),Buffet dinner+ 1 Lobster,성인,"56,212 원"
TC19362131,씨푸드 디너뷔페 + 랍스터 무제한,Buffet dinner+ Lobster Unlimited,성인,"76,921 원"
TC19963281,나트랑 플로팅 바 파티 & 스노쿨링,Nha Trang floating bar party and snorkeling,아동,"26,627 원"
TC19963281,나트랑 플로팅 바 파티 & 스노쿨링,Nha Trang floating bar party and snorkeling,성인,"35,502 원"
TC20624665,크레이지 호핑투어,Crazy hopping tour,아동,"9,900 원(1인 40 USD 잔금 현장결제) "
TC20624665,크레이지 호핑투어,Crazy hopping tour,성인,"9,900 원(1인 60 USD 잔금 현장결제) "
TC22129517,[조인투어] 인당 요금,[Join] rate per pax,아동,"9,900 원(1인 30 USD 잔금 현장결제) "
TC22129517,[조인투어] 인당 요금,[Join] rate per pax,성인,"9,900 원(1인 35 USD 잔금 현장결제) "
TC22642892,풀케어 서비스 (2시간),Full Care Service (2hour),성인,"35,502 원"
TC22642892,풀케어 서비스 (2시간),Full Care Service (2hour),아동,"35,502 원"
TC23570653,딘화쇼 티켓,TINH HOA VIET NAM SHOW,아동,"13,432 원"
TC23570653,딘화쇼 티켓,TINH HOA VIET NAM SHOW,60세이상,"13,432 원"
TC23570653,딘화쇼 티켓,TINH HOA VIET NAM SHOW,성인,"17,218 원"
TC24366239,짚라인 캐노피 투어 (45-60분),ZIPLINE CANOPY TOUR 45-60min,아동,"39,940 원"
TC24366239,ATV 투어 (45-60분),ATV EXTREME TOUR 45-60min,아동,"48,874 원"
TC24366239,짚라인 캐노피 투어 (45-60분),ZIPLINE CANOPY TOUR 45-60min,성인,"54,496 원"
TC24366239,ATV 투어 (45-60분),ATV EXTREME TOUR 45-60min,성인,"67,276 원"
TC24366239,콤보 짚라인 & ATV (120-150분),COMBO ZIPLINE CANOPY & ATV 120' - 150',아동,"67,572 원"
TC24366239,콤보 짚라인 & ATV (120-150분),COMBO ZIPLINE CANOPY & ATV 120' - 150',성인,"93,903 원"
TC25673182,크레이지 파티 호핑투어,Crazy Party Hopping Tour,아동,"9,900 원(1인 30 USD 잔금 현장결제) "
TC25673182,크레이지 파티 호핑투어,Crazy Party Hopping Tour,성인,"9,900 원(1인 55 USD 잔금 현장결제) "
TC26674198,양베이 에코 파크 입장권,Yang Bay Eco Park,아동,"12,544 원"
TC26674198,양베이 에코 파크 입장권,Yang Bay Eco Park,성인,"15,384 원"
TC27213800,발마사지 30분,Foot Therapy - 30 mins,성인,"25,976 원"
TC27213800,등&목&어깨 케어 테라피 30분,"Neck, Back & Shoulder Therapy - 30 mins",성인,"25,976 원"
TC27213800,아동 마사지 30분,Kid Massage - 30 mins,성인,"25,976 원"
TC27213800,릴렉싱 샴푸 - 60분,Relaxing Shampoo - 60 mins,성인,"28,579 원"
TC27213800,탐안 웰니스 샴푸 - 75분,"""Tam An Wellness Shampoo"" - 75 mins",성인,"33,609 원"
TC27213800,발마사지 60분,Foot Therapy - 60 mins,성인,"36,035 원"
TC27213800,등&목&어깨 케어 테라피 60분,"Neck, Back & Shoulder Therapy - 60 mins",성인,"36,035 원"
TC27213800,아동 마사지 60분,Kid Massage - 60 mins,성인,"36,035 원"
TC27213800,아로마 마사지 - 60분,AROMA - 60 mins,성인,"41,064 원"
TC27213800,투이나 중국 마사지 - 60분,TUINA CHINESE MASSAGE - 60 mins,성인,"41,064 원"
TC27213800,타이 마사지 60분,THAI MASSAGE - 60 mins,성인,"41,064 원"
TC27213800,발마사지 75분,Foot Therapy - 75 mins,성인,"41,064 원"
TC27213800,등&목&어깨 케어 테라피 75분,"Neck, Back & Shoulder Therapy - 75 mins",성인,"41,064 원"
TC27213800,아동 마사지 75분,Kid Massage - 75 mins,성인,"41,064 원"
TC27213800,안니엔 웰니스 샴푸 - 90분,"""An Nhien Wellness Shampoo"" - 90 mins",성인,"45,679 원"
TC27213800,핫스톤 아로마 테라피 - 60분,HOT STONE AROMA THERAPY - 60 mins,성인,"46,093 원"
TC27213800,스웨디시 마사지 60분,SWEDISH MASSAGE - 60 mins,성인,"46,093 원"
TC27213800,시니어를 위한 홀리스틱 재생 테라피 - 60분,Holistic Rejuvenation Therapy for Seniors - 60 mins,성인,"46,093 원"
TC27213800,임산부 마사지 60분,Maternity Care Ritual (For pregnacy) - 60 mins,성인,"51,123 원"
TC27213800,히말라야 솔트 디톡스 리추얼 - 60분,Himalayan Salt Detox Ritual - 60 mins,성인,"51,123 원"
TC27213800,스페셜: 컴플리트 웰니스 패키지 - 90분,SPECIAL: “ Complete Wellness Package ” - 90 mins,성인,"51,123 원"
TC27213800,커플 마사지 60분,COUPLE MASSAGE - Special massage for 2 people - 60 mins,성인,"51,182 원"
TC27213800,아로마 마사지 - 90분,AROMA - 90 mins,성인,"54,141 원"
TC27213800,투이나 중국 마사지 - 90분,TUINA CHINESE MASSAGE - 90 mins,성인,"54,141 원"
TC27213800,타이 마사지 90분,THAI MASSAGE - 90 mins,성인,"54,141 원"
TC27213800,스페셜: 오로라 - 60분,SPECIAL: AURORA  - 60 mins,성인,"56,152 원"
TC27213800,핫스톤 아로마 테라피 - 90분,HOT STONE AROMA THERAPY - 90 mins,성인,"61,182 원"
TC27213800,스웨디시 마사지 90분,SWEDISH MASSAGE - 90 mins,성인,"61,182 원"
TC27213800,시니어를 위한 홀리스틱 재생 테라피 - 90분,Holistic Rejuvenation Therapy for Seniors - 90 mins,성인,"61,182 원"
TC27213800,커플 마사지 90분,COUPLE MASSAGE - Special massage for 2 people - 90 mins,성인,"61,241 원"
TC27213800,시니어를 위한 홀리스틱 재생 테라피 - 120분,Holistic Rejuvenation Therapy for Seniors - 120 mins,성인,"62,720 원"
TC27213800,콤보 - 퍼펙트 릴렉세이션 - 120분,COMBO - PERFECT RELAXATION - 120 mins,성인,"63,194 원"
TC27213800,임산부 마사지 90분,Maternity Care Ritual (For pregnacy) - 90 mins,성인,"64,199 원"
TC27213800,히말라야 솔트 디톡스 리추얼 - 90분,Himalayan Salt Detox Ritual - 90 mins,성인,"64,199 원"
TC27213800,아로마 마사지 - 120분,AROMA - 120 mins,성인,"65,797 원"
TC27213800,투이나 중국 마사지 - 120분,TUINA CHINESE MASSAGE - CHINA - 120 mins,성인,"65,797 원"
TC27213800,타이 마사지 120분,THAI MASSAGE - 120 mins,성인,"65,797 원"
TC27213800,핫스톤 아로마 테라피 - 120분,HOT STONE AROMA THERAPY - 120 mins,성인,"71,241 원"
TC27213800,스웨디시 마사지 120분,SWEDISH MASSAGE - 120 mins,성인,"71,241 원"
TC27213800,스페셜: 오로라  - 90분,SPECIAL: AURORA  - 90 mins,성인,"76,270 원"
TC27213800,히말라야 솔트 디톡스 리추얼 - 120분,Himalayan Salt Detox Ritual - 120 mins,성인,"76,270 원"
TC27213800,콤보 - 스트레스 릴리프 - 120분,COMBO - STRESS RELIFE - 120 mins,성인,"76,270 원"
TC27213800,콤보 - 에너지 어웨이큰 - 120분,COMBO - AWKEN ENERGY - 120 mins,성인,"86,329 원"
TC27213800,해피 콤보 (임산부 전용) - 120분,HAPPY COMBO (For Pregnancy) - 120 mins,성인,"91,358 원"
TC27213800,콤보 - 베니스 스파메디카 모노폴리 - 120분,COMBO - VENICE SPAMEDICA MONOPOLY - 120 mins,성인,"96,388 원"
TC27705469,스피드보트 남부 4섬투어,SEA TOUR BY SPEED BOAT TO 4 ISLANDS,아동,"33,254 원"
TC27705469,스피드보트 남부 4섬투어,SEA TOUR BY SPEED BOAT TO 4 ISLANDS,성인,"44,969 원"
TC28729506,하이클래스 공항샌딩 투어-마사지 불포함,High Class Airport Sending tour-exclude spa,성인,"9,900 원(1인 22 USD 잔금 현장결제) "
TC28729506,하이클래스 공항샌딩 투어-마사지 포함,High Class Airport Sending tour-include spa,아동,"9,900 원(1인 29 USD 잔금 현장결제) "
TC28729506,하이클래스 공항샌딩 투어-마사지 포함,High Class Airport Sending tour-include spa,성인,"9,900 원(1인 43 USD 잔금 현장결제) "
TC28729506,하이클래스 공항샌딩 투어-마사지 불포함,High Class Airport Sending tour-exclude spa,아동,"9,900 원(1인 7 USD 잔금 현장결제) "
TC32188174,풋마사지 - 60분,FOOT MASSAGE - 60 mins,성인,"27,751 원"
TC32188174,키즈 마사지 - 60분,KID MASSAGE - 60 mins,아동,"27,751 원"
TC32188174,아로마 마사지 - 60분,AROMA MASSAGE - 60 mins,성인,"32,366 원"
TC32188174,풋마사지- 90분,FOOT MASSAGE - 90 mins,성인,"36,212 원"
TC32188174,전통 마사지 - 60분,TRADITIONAL MASSAGE - 60 mins,성인,"36,212 원"
TC32188174,임산부 마사지 - 60분,PRENATEL MASSAGE - 60 mins,성인,"36,212 원"
TC32188174,아로마 마사지 - 90분,AROMA MASSAGE - 90 mins,성인,"40,058 원"
TC32188174,키즈 마사지 - 90분,KID MASSAGE - 90 mins,아동,"40,058 원"
TC32188174,풋 마사지 -120분,FOOT MASSAGE - 120 mins,성인,"43,904 원"
TC32188174,전통 마사지 - 90분,TRADITIONAL MASSAGE - 90 mins,성인,"43,904 원"
TC32188174,임산부 마사지 - 90분,PRENATEL MASSAGE - 90 mins,성인,"43,904 원"
TC32188174,키즈 마사지 - 120분,KID MASSAGE - 120 mins,아동,"43,904 원"
TC32188174,타라 시그니처 마사지 - 90분,TARA SIGNATURE MASSAGE - 90 mins,성인,"47,691 원"
TC32188174,아로마 마사지 - 120분,AROMA MASSAGE - 120 mins,성인,"47,691 원"
TC32188174,아로마 핫스톤 마사지 - 90분,AROMA HOTSTONE MASSAGE - 90 mins,성인,"47,691 원"
TC32188174,전통 마사지 - 120분,TRADITIONAL MASSAGE - 120 mins,성인,"51,537 원"
TC32188174,임산부 마사지 - 120분,PRENATEL MASSAGE - 120 mins,성인,"51,537 원"
TC32188174,아로마 핫스톤 마사지 - 120분,AROMA HOTSTONE MASSAGE - 120 mins,성인,"55,383 원"
TC32188174,타라 시그니처 마사지 - 120분,TARA SIGNATURE MASSAGE - 120 mins,성인,"59,229 원"
TC33354601,케이블카 왕복 티켓만,Cable car 2 way,성인,"10,059 원"
TC33354601,케이블카 왕복 티켓만,Cable car 2 way,아동,"10,059 원"
TC33354601,케이블카 왕복 티켓만,Cable car 2 way,60세이상,"10,059 원"
TC33354601,케이블카 왕복 티켓 + + 메오키친 바우처 (인당 15만동),Cable car 2 way + Meo kitchen Voucher 150k/person,성인,"15,976 원"
TC33354601,케이블카 왕복 티켓 + + 메오키친 바우처 (인당 15만동),Cable car 2 way + Meo kitchen Voucher 150k/person,아동,"15,976 원"
TC33354601,(16시이후) 빈원더스 입장권 + 케이블카 왕복,(after 16:00) Vinwonder + cable car 2 way,아동,"27,810 원"
TC33354601,(16시이후) 빈원더스 입장권 + 케이블카 왕복,(after 16:00) Vinwonder + cable car 2 way,60세이상,"27,810 원"
TC33354601,(16시이후)빈원더스 입장권 + 케이블카 왕복 + 메오키친 바우처 (인당 15만동),(after 16:00) Vinwonder + cable car 2 way + Meokitchen Voucher 150k/person,아동,"33,727 원"
TC33354601,(16시이후) 빈원더스 입장권 + 케이블카 왕복,(after 16:00) Vinwonder + cable car 2 way,성인,"36,745 원"
TC33354601,빈원더스 입장권 + 케이블카 왕복,Vinwonder + cable car 2 way,아동,"38,816 원"
TC33354601,빈원더스 입장권 + 케이블카 왕복,Vinwonder + cable car 2 way,60세이상,"39,466 원"
TC33354601,(16시이후)빈원더스 입장권 + 케이블카 왕복 + 메오키친 바우처 (인당 15만동),(after 16:00) Vinwonder + cable car 2 way + Meokitchen Voucher 150k/person,성인,"42,602 원"
TC33354601,빈원더스 입장권 + 케이블카 왕복 + 메오키친 바우처(인당 15만동),Vinwonder + cable car 2 way + Meo kitchen Voucher 150k/person,아동,"45,383 원"
TC33354601,빈원더스 입장권 + 케이블카 왕복,Vinwonder + cable car 2 way,성인,"52,839 원"
TC33354601,빈원더스 입장권 + 케이블카 왕복 + 메오키친 바우처(인당 15만동),Vinwonder + cable car 2 way + Meo kitchen Voucher 150k/person,성인,"58,756 원"
TC35139253,모닝 투어,Morning Tour,성인,"9,900 원(1인 10 USD 잔금 현장결제) "
TC35139253,모닝 투어,Morning Tour,아동,"9,900 원(1인 3 USD 잔금 현장결제) "
TC40500827,[단독투어 4인] 인당 요금,[Private] 4 pax / Booking Fee,성인,"9,900 원(1인 35 USD 잔금 현장결제) "
TC40500827,[단독투어 3인] 인당 요금,[Private] 3 pax / Booking Fee,성인,"9,900 원(1인 40 USD 잔금 현장결제) "
TC40500827,[단독투어 2인] 인당 요금,[Private] 2pax / Booking fee,성인,"9,900 원(1인 50 USD 잔금 현장결제) "
TC40763019,발마사지 45분,FOOT MASSAGE - 45 mins,아동,"17,988 원"
TC40763019,발마사지 45분,FOOT MASSAGE - 45 mins,성인,"21,005 원"
TC40763019,발마사지 60분,FOOT MASSAGE - 60 mins,아동,"22,011 원"
TC40763019,스웨덴 마사지 60분,SWEDEN BODY MASSAGE - 60 mins,아동,"22,011 원"
TC40763019,오일 마사지 60분,BODY MASSAGE WITH OIL - 60 mins,아동,"24,023 원"
TC40763019,발마사지 60분,FOOT MASSAGE - 60 mins,성인,"26,035 원"
TC40763019,스웨덴 마사지 60분,SWEDEN BODY MASSAGE - 60 mins,성인,"26,035 원"
TC40763019,발마사지 90분,FOOT MASSAGE - 90 mins,아동,"28,047 원"
TC40763019,스웨덴 마사지 90분,SWEDEN BODY MASSAGE - 90 mins,아동,"28,047 원"
TC40763019,오일 마사지 60분,BODY MASSAGE WITH OIL - 60 mins,성인,"28,579 원"
TC40763019,오일 마사지 90분,BODY MASSAGE WITH OIL - 90 mins,아동,"30,058 원"
TC40763019,핫스톤 마사지 60분,BODY MASSAGE WITH HOT STONE - 60 mins,성인,"31,064 원"
TC40763019,타이 마사지 60분,THAI BODY MASSAGE - 60 mins,성인,"31,064 원"
TC40763019,발마사지 90분,FOOT MASSAGE - 90 mins,성인,"33,609 원"
TC40763019,스웨덴 마사지 90분,SWEDEN BODY MASSAGE - 90 mins,성인,"33,609 원"
TC40763019,오일 마사지 90분,BODY MASSAGE WITH OIL - 90 mins,성인,"36,094 원"
TC40763019,오일 마사지 120분,BODY MASSAGE WITH OIL - 120 mins,아동,"38,105 원"
TC40763019,핫스톤 마사지 90분,BODY MASSAGE WITH HOT STONE - 90 mins,성인,"41,123 원"
TC40763019,타이 마사지 90분,THAI BODY MASSAGE - 90 mins,성인,"41,123 원"
TC40763019,오일 마사지 120분,BODY MASSAGE WITH OIL - 120 mins,성인,"46,153 원"
TC40850127,하이클래스 웰컴투어 (성인2인 이상) - 마사지 불포함,High Class Welcome Tour (Minimum 2pax) - Exclude Spa,아동,"20,591 원"
TC40850127,하이클래스 웰컴투어 (성인1인) - 마사지 불포함,High Class Welcome Tour (1pax) - Exclude Spa,아동,"20,591 원"
TC40850127,하이클래스 웰컴투어 (성인2인 이상) - 마사지 포함,High Class Welcome Tour (Minimun 2pax) - Include Spa,아동,"40,236 원"
TC40850127,하이클래스 웰컴투어 (성인1인) - 마사지 포함,High Class Welcome Tour (1pax) - Include Spa,아동,"40,236 원"
TC40850127,하이클래스 웰컴투어 (성인2인 이상) - 마사지 불포함,High Class Welcome Tour (Minimum 2pax) - Exclude Spa,성인,"44,673 원"
TC40850127,하이클래스 웰컴투어 (성인1인) - 마사지 불포함,High Class Welcome Tour (1pax) - Exclude Spa,성인,"62,424 원"
TC40850127,하이클래스 웰컴투어 (성인2인 이상) - 마사지 포함,High Class Welcome Tour (Minimun 2pax) - Include Spa,성인,"74,495 원"
TC40850127,하이클래스 웰컴투어 (성인1인) - 마사지 포함,High Class Welcome Tour (1pax) - Include Spa,성인,"92,069 원"
TC40951088,발 마사지-45분,FOOT MASSAGE - 45 mins,성인,"24,851 원"
TC40951088,발 마사지-60분,FOOT MASSAGE - 60 mins,성인,"29,585 원"
TC40951088,오일 바디 마사지-60분 (아동도 가능),BODY MASSAGE WITH OIL - 60 mins,아동,"29,585 원"
TC40951088,오일 바디 마사지-60분 (아동도 가능),BODY MASSAGE WITH OIL - 60 mins,성인,"34,319 원"
TC40951088,발 마사지-90분,FOOT MASSAGE - 90 mins,성인,"39,052 원"
TC40951088,오일 바디 마사지-90분 (아동도 가능),BODY MASSAGE WITH OIL - 90 mins,아동,"39,052 원"
TC40951088,핫스톤 바디 마사지-60분,BODY MASSAGE WITH HOT STONE - 60 mins,성인,"39,052 원"
TC40951088,오일 바디 마사지-90분 (아동도 가능),BODY MASSAGE WITH OIL - 90 mins,성인,"43,786 원"
TC40951088,타이 바디 마사지-60분,THAI BODY MASSAGE - 60 mins,성인,"43,786 원"
TC40951088,오일 바디 마사지-120분 (아동도 가능),BODY MASSAGE WITH OIL - 120 mins,아동,"48,519 원"
TC40951088,핫스톤 바디 마사지-90분,BODY MASSAGE WITH HOT STONE - 90 mins,성인,"48,519 원"
TC40951088,오일 바디 마사지-120분 (아동도 가능),BODY MASSAGE WITH OIL - 120 mins,성인,"52,780 원"
TC40951088,타이 바디 마사지-90분,THAI BODY MASSAGE - 90 mins,성인,"52,780 원"
TC40951088,핫스톤 바디 마사지-120분,BODY MASSAGE WITH HOT STONE - 120 mins,성인,"57,987 원"
TC40951088,타이 바디 마사지-120분,THAI BODY MASSAGE - 120 mins,성인,"62,720 원"
TC44313497,남부 4섬 호핑 투어(케이블카 포함),Discovery 4 Island with Cable car,아동,"65,620 원"
TC44313497,남부 4섬 호핑 투어(케이블카 포함),Discovery 4 Island with Cable car,성인,"91,181 원"
TC44455859,나트랑 엠퍼러 선셋 칵테일 디너크루즈 투어,EMPEROR CRUISES NHA TRANG (SUNSET),아동,"75,856 원"
TC44455859,나트랑 엠퍼러 선셋 칵테일 디너크루즈 투어,EMPEROR CRUISES NHA TRANG (SUNSET),성인,"98,636 원"
TC44659202,프리미엄 산호심기 투어 인당 요금 (4인이상 예약시),PREMIUM CORAL PLANTING TOUR from 4 pax and above,성인,"135,322 원"
TC44659202,프리미엄 산호심기 투어 인당 요금 (1-3인 예약시),PREMIUM CORAL PLANTING TOUR 1-3 pax,성인,"149,700 원"
TC44659202,프리미엄 산호심기 투어 인당 요금 (4인이상 예약시),PREMIUM CORAL PLANTING TOUR from 4 pax and above,아동,"70,649 원"
TC44659202,프리미엄 산호심기 투어 인당 요금 (1-3인 예약시),PREMIUM CORAL PLANTING TOUR 1-3 pax,아동,"77,809 원"
TC44777436,소프트 어드벤쳐 스노쿨링 투어 1인비용  (최소 6인 이상 모집 시 진행 가능),SOFT-ADVENTURE SNORKELING TOUR 1 PAX (MIN 6 PAX),아동,"38,934 원"
TC44777436,소프트 어드벤쳐 스노쿨링 투어 1인비용  (최소 6인 이상 모집 시 진행 가능),SOFT-ADVENTURE SNORKELING TOUR 1 PAX (MIN 6 PAX),성인,"74,850 원"
TC45088886,[시즈널 하이티 2인] 인당 요금,High Tea,성인,"25,147 원"
TC45088886,[시즈널 하이티 2인] 인당 요금,High Tea,아동,"25,147 원"
TC45535144,3섬 투어,3 ISLANDS  TOUR ( MONG TAY - MAY RUT - MAY RUT TRONG ),아동,"24,082 원"
TC45535144,3섬 투어,3 ISLANDS  TOUR ( MONG TAY - MAY RUT - MAY RUT TRONG ),성인,"38,105 원"
TC45725173,씨워킹+3섬투어-스탠다드,SEAWALKING & ISLAND TOUR ( STANDARDS),성인,"114,198 원"
TC45725173,씨워킹+3섬투어-VIP,SEAWALKING & ISLAND TOUR (VIP),아동,"128,872 원"
TC45725173,씨워킹+3섬투어-VIP,SEAWALKING & ISLAND TOUR (VIP),성인,"144,848 원"
TC45725173,씨워킹+3섬투어-스탠다드,SEAWALKING & ISLAND TOUR ( STANDARDS),아동,"98,222 원"
TC45885367,씨워킹-스탠다드,"SEAWALKING, PICK – UP AT HOTEL & CANO (STANDARDS)",성인,"117,334 원"
TC45885367,씨워킹-VIP,"SEAWALKING, PICK – UP AT HOTEL & CANO (VIP)",성인,"148,043 원"
TC47605259,타타쇼+케이블카 왕복,Tata show + cable car 2 way,성인,"16,863 원"
TC47605259,타타쇼+케이블카 왕복,Tata show + cable car 2 way,아동,"16,863 원"
TC47605259,타타쇼+케이블카 왕복,Tata show + cable car 2 way,60세이상,"16,863 원"
TC47605259,타타쇼 + 케이블카 왕복 + 메오키친 바우처(인당 15만동),Tata show + cable car 2 way + Meo kitchen Voucher 150k/person,성인,"16,863 원"
TC47605259,타타쇼 + 케이블카 왕복 + 메오키친 바우처(인당 15만동),Tata show + cable car 2 way + Meo kitchen Voucher 150k/person,아동,"16,863 원"
TC47605259,타타쇼 + 케이블카 왕복 + 메오키친 바우처(인당 15만동),Tata show + cable car 2 way + Meo kitchen Voucher 150k/person,60세이상,"16,863 원"
TC49957002,2인 출발 (인당 요금),HON THOM CABLE CAR & CITY TOUR WITH LUNCH ( 2 pax)  (rate per person),아동,"108,577 원"
TC49957002,10인 출발 (인당 요금),HON THOM CABLE CAR & CITY TOUR WITH LUNCH (10pax) (rate per person),성인,"122,955 원"
TC49957002,9인 출발 (인당 요금),HON THOM CABLE CAR & CITY TOUR WITH LUNCH (9pax) (rate per person),성인,"129,346 원"
TC49957002,8인 출발 (인당 요금),HON THOM CABLE CAR & CITY TOUR WITH LUNCH ( 8pax) (rate per person),성인,"135,736 원"
TC49957002,7인 출발 (인당 요금),HON THOM CABLE CAR & CITY TOUR WITH LUNCH ( 7 pax) (rate per person),성인,"142,126 원"
TC49957002,6인 출발 (인당 요금),HON THOM CABLE CAR & CITY TOUR WITH LUNCH ( 6pax) (rate per person),성인,"148,517 원"
TC49957002,5인 출발 (인당 요금),HON THOM CABLE CAR & CITY TOUR WITH LUNCH ( 5pax) (rate per person),성인,"154,907 원"
TC49957002,4인 출발 (인당 요금),HON THOM CABLE CAR & CITY TOUR WITH LUNCH ( 4 pax) (rate per person),성인,"167,688 원"
TC49957002,3인 출발 (인당 요금),HON THOM CABLE CAR & CITY TOUR WITH LUNCH ( 3 pax) (rate per person),성인,"180,469 원"
TC49957002,2인 출발 (인당 요금),HON THOM CABLE CAR & CITY TOUR WITH LUNCH ( 2 pax)  (rate per person),성인,"212,420 원"
TC49957002,10인 출발 (인당 요금),HON THOM CABLE CAR & CITY TOUR WITH LUNCH (10pax) (rate per person),아동,"63,844 원"
TC49957002,9인 출발 (인당 요금),HON THOM CABLE CAR & CITY TOUR WITH LUNCH (9pax) (rate per person),아동,"67,040 원"
TC49957002,8인 출발 (인당 요금),HON THOM CABLE CAR & CITY TOUR WITH LUNCH ( 8pax) (rate per person),아동,"70,235 원"
TC49957002,7인 출발 (인당 요금),HON THOM CABLE CAR & CITY TOUR WITH LUNCH ( 7 pax) (rate per person),아동,"73,430 원"
TC49957002,6인 출발 (인당 요금),HON THOM CABLE CAR & CITY TOUR WITH LUNCH ( 6pax) (rate per person),아동,"76,625 원"
TC49957002,5인 출발 (인당 요금),HON THOM CABLE CAR & CITY TOUR WITH LUNCH ( 5pax) (rate per person),아동,"79,820 원"
TC49957002,4인 출발 (인당 요금),HON THOM CABLE CAR & CITY TOUR WITH LUNCH ( 4 pax) (rate per person),아동,"86,211 원"
TC49957002,3인 출발 (인당 요금),HON THOM CABLE CAR & CITY TOUR WITH LUNCH ( 3 pax) (rate per person),아동,"92,601 원"
TC51282416,[단독투어 7-8인] 인당 요금,LA_05 Full day Sightseeing - Group 7-8 pax,아동,"103,429 원"
TC51282416,[단독투어 9-10인] 인당 요금,LA_05 Full day Sightseeing - Group 9-10 pax,성인,"108,399 원"
TC51282416,[단독투어 5-6인] 인당 요금,LA_05 Full day Sightseeing - Group 5-6 pax,아동,"114,316 원"
TC51282416,[단독투어 7-8인] 인당 요금,LA_05 Full day Sightseeing - Group 7-8 pax,성인,"121,180 원"
TC51282416,[단독투어 3-4인] 인당 요금,LA_05 Full day Sightseeing - Group 3-4 pax,아동,"130,588 원"
TC51282416,[단독투어 5-6인] 인당 요금,LA_05 Full day Sightseeing - Group 5-6 pax,성인,"133,961 원"
TC51282416,[단독투어 1-2인] 인당 요금,LA_05 Full day Sightseeing - Group 1-2 pax,아동,"141,475 원"
TC51282416,[단독투어 3-4인] 인당 요금,LA_05 Full day Sightseeing - Group 3-4 pax,성인,"153,132 원"
TC51282416,[단독투어 1-2인] 인당 요금,LA_05 Full day Sightseeing - Group 1-2 pax,성인,"165,913 원"
TC51282416,[단독투어 11-12인] 인당 요금,LA_05 Full day Sightseeing - Group 11-12 pax,아동,"81,714 원"
TC51282416,[단독투어 9-10인] 인당 요금,LA_05 Full day Sightseeing - Group 9-10 pax,아동,"92,601 원"
TC51282416,[단독투어 11-12인] 인당 요금,LA_05 Full day Sightseeing - Group 11-12 pax,성인,"95,619 원"
TC51488453,핫 미네랄 머드배쓰,HOT MINERAL MUD BATH,아동,"18,284 원"
TC51488453,핫 미네랄 머드배쓰,HOT MINERAL MUD BATH,성인,"25,443 원"
TC51488453,발마사지 60분,MASSAGE FOOT 60,성인,"31,952 원"
TC51488453,발마사지 60분,MASSAGE FOOT 60,아동,"31,952 원"
TC51488453,등 어깨 목 마사지,MASSAGE BACK-SHOUDER-NECK,성인,"31,952 원"
TC51488453,등 어깨 목 마사지,MASSAGE BACK-SHOUDER-NECK,아동,"31,952 원"
TC51488453,베트남식 마사지 60분,VIETNAMESE MASSAGE BODY 60,성인,"35,206 원"
TC51488453,베트남식 마사지 60분,VIETNAMESE MASSAGE BODY 60,아동,"35,206 원"
TC51488453,타이마사지 60분,THAI MASSAGE BODY 60,성인,"35,206 원"
TC51488453,타이마사지 60분,THAI MASSAGE BODY 60,아동,"35,206 원"
TC51488453,스웨디시 마사지 60분,SWEDISH MASSAGE BODY 60,성인,"35,206 원"
TC51488453,스웨디시 마사지 60분,SWEDISH MASSAGE BODY 60,아동,"35,206 원"
TC51488453,콤보 머드,COMBO MUD,아동,"44,969 원"
TC51488453,콤보 스페셜 머드,COMBO SPECIAL MUD,아동,"48,224 원"
TC51488453,베트남식 마사지 90분,VIETNAMESE  MASSAGE BODY 90,성인,"48,224 원"
TC51488453,베트남식 마사지 90분,VIETNAMESE  MASSAGE BODY 90,아동,"48,224 원"
TC51488453,타이마사지 90분,THAI  MASSAGE BODY 90,성인,"48,224 원"
TC51488453,타이마사지 90분,THAI  MASSAGE BODY 90,아동,"48,224 원"
TC51488453,스웨디시 마사지 90분,SWEDISH  MASSAGE BODY 90,성인,"48,224 원"
TC51488453,스웨디시 마사지 90분,SWEDISH  MASSAGE BODY 90,아동,"48,224 원"
TC51488453,콤보 머드,COMBO MUD,성인,"51,478 원"
TC51488453,핫스톤 마사지 90분,HOT STONE BODY MASSAGE 90,성인,"51,478 원"
TC51488453,핫스톤 마사지 90분,HOT STONE BODY MASSAGE 90,아동,"51,478 원"
TC51488453,베트남식 마사지 120분,VIETNAMESE  MASSAGE BODY 120,성인,"54,732 원"
TC51488453,베트남식 마사지 120분,VIETNAMESE  MASSAGE BODY 120,아동,"54,732 원"
TC51488453,타이마사지 120분,THAI  MASSAGE BODY 120,성인,"54,732 원"
TC51488453,타이마사지 120분,THAI  MASSAGE BODY 120,아동,"54,732 원"
TC51488453,스웨디시 마사지 120분,SWEDISH  MASSAGE BODY 120,성인,"54,732 원"
TC51488453,스웨디시 마사지 120분,SWEDISH  MASSAGE BODY 120,아동,"54,732 원"
TC51488453,콤보 스페셜 머드,COMBO SPECIAL MUD,성인,"64,495 원"
TC52994363,하이클래스 웰컴투어(성인2인 이상) -마사지 불포함,High Class welcome tour (minimum 2person)- exclude spa,아동,"20,591 원"
TC52994363,하이클래스 웰컴투어(성인1인) -마사지 불포함,High Class welcome tour (1person)-exclude spa,아동,"20,591 원"
TC52994363,하이클래스 웰컴투어(성인2인 이상) -마사지 포함,High Class welcome tour (minimum 2person)-include spa,아동,"40,236 원"
TC52994363,하이클래스 웰컴투어(성인1인) -마사지 포함,High Class welcome tour (1person)-include spa,아동,"40,236 원"
TC52994363,하이클래스 웰컴투어(성인2인 이상) -마사지 불포함,High Class welcome tour (minimum 2person)- exclude spa,성인,"44,673 원"
TC52994363,하이클래스 웰컴투어(성인1인) -마사지 불포함,High Class welcome tour (1person)-exclude spa,성인,"62,424 원"
TC52994363,하이클래스 웰컴투어(성인2인 이상) -마사지 포함,High Class welcome tour (minimum 2person)-include spa,성인,"74,495 원"
TC52994363,하이클래스 웰컴투어(성인1인) -마사지 포함,High Class welcome tour (1person)-include spa,성인,"92,069 원"
TC53919975,코코넛 오일 핫 스톤 마사지 60분,Massage coconut oil Hot stone - 60 mins,성인,"21,893 원"
TC53919975,코코넛 오일 핫 스톤 마사지 60분,Massage coconut oil Hot stone - 60 mins,아동,"21,893 원"
TC53919975,아로마 오일 핫 스톤 마사지 60분,Massage aroma oil Hot stone - 60 mins,성인,"23,076 원"
TC53919975,아로마 오일 핫 스톤 마사지 60분,Massage aroma oil Hot stone - 60 mins,아동,"23,076 원"
TC53919975,타이 마사지 60분,Massage Thai body - 60 mins,성인,"24,851 원"
TC53919975,타이 마사지 60분,Massage Thai body - 60 mins,아동,"24,851 원"
TC53919975,코코넛 오일 핫 스톤 마사지 90분,Massage coconut oil Hot stone - 90 mins,성인,"26,627 원"
TC53919975,코코넛 오일 핫 스톤 마사지 90분,Massage coconut oil Hot stone - 90 mins,아동,"26,627 원"
TC53919975,아로마 오일 핫 스톤 마사지 90분,Massage aroma oil Hot stone - 90 mins,성인,"27,810 원"
TC53919975,아로마 오일 핫 스톤 마사지 90분,Massage aroma oil Hot stone - 90 mins,아동,"27,810 원"
TC53919975,타이 마사지 90분,Massage Thai body - 90 mins,성인,"30,768 원"
TC53919975,타이 마사지 90분,Massage Thai body - 90 mins,아동,"30,768 원"
TC53919975,코코넛 오일 핫 스톤 마사지 120분,Massage coconut oil Hot stone - 120min,성인,"32,544 원"
TC53919975,코코넛 오일 핫 스톤 마사지 120분,Massage coconut oil Hot stone - 120min,아동,"32,544 원"
TC53919975,아로마 오일 핫 스톤 마사지 120분,Massage aroma oil Hot stone - 120 mins,성인,"33,727 원"
TC53919975,아로마 오일 핫 스톤 마사지 120분,Massage aroma oil Hot stone - 120 mins,아동,"33,727 원"
TC53919975,콤보 (바디 마사지 + 샴푸 & 페이스 마사지) 120분,Combo (massage & shampoo) - 120 mins,성인,"36,685 원"
TC53919975,콤보 (바디 마사지 + 샴푸 & 페이스 마사지) 120분,Combo (massage & shampoo) - 120 mins,아동,"36,685 원"
TC53919975,콤보 (사우나 + 각질 제거 + 바디 마사지 + 샤워) 130분,Combo (sauna & bady crub & massage) - 130 mins,성인,"45,561 원"
TC53919975,콤보 (사우나 + 각질 제거 + 바디 마사지 + 샤워) 130분,Combo (sauna & bady crub & massage) - 130 mins,아동,"45,561 원"
TC56459696,씨푸드 뷔페,Sea food buffet,아동,"19,526 원"
TC56459696,타이탄 패키지 (씨푸드뷔페+랍스터 반마리/1인당),TITAN PACKAGE ( Sea food buffet + 1/2  Lobster),아동,"24,260 원"
TC56459696,골드 패키지 (씨푸드뷔페+랍스터 1마리/1인당),GOLD PACKAGE ( ( Sea food buffet + 01 Lobster),아동,"28,993 원"
TC56459696,다이아몬드 패키지 (씨푸드뷔페+랍스터 무제한),DIAMOND PACKAGE ( Sea food buffet + Unlimited lobster),아동,"38,461 원"
TC56459696,씨푸드 뷔페,Sea food buffet,성인,"39,052 원"
TC56459696,타이탄 패키지 (씨푸드뷔페+랍스터 반마리/1인당),TITAN PACKAGE ( Sea food buffet + 1/2  Lobster),성인,"48,815 원"
TC56459696,골드 패키지 (씨푸드뷔페+랍스터 1마리/1인당),GOLD PACKAGE ( ( Sea food buffet + 01 Lobster),성인,"57,987 원"
TC56459696,다이아몬드 패키지 (씨푸드뷔페+랍스터 무제한),DIAMOND PACKAGE ( Sea food buffet + Unlimited lobster),성인,"77,513 원"
TC57020004,헤어 드레싱 논 - 허브 헤어드레싱 45분,Hair dressing non - Herbal hair dressing (45min),아동,"15,503 원"
TC57020004,헤어 드레싱 논 - 허브 헤어드레싱 45분,Hair dressing non - Herbal hair dressing (45min),성인,"18,224 원"
TC57020004,콤보 스팀 & 사우나 (30분),Combo Steam & Sauna (30min),아동,"19,704 원"
TC57020004,머드배쓰 (40분),Mub bath (40min),아동,"19,704 원"
TC57020004,베르사유 머드배쓰 패키지 (60분),Versailles Mudbath package (60min),아동,"22,070 원"
TC57020004,콤보 스팀 & 사우나 (30분),Combo Steam & Sauna (30min),성인,"23,431 원"
TC57020004,베르사유 풋마사지(30분),Versailles Foot  Massage(30min),아동,"26,153 원"
TC57020004,베르사유 바디마사지(30분),Versailles Body Massage(30min),아동,"26,153 원"
TC57020004,"스팀배스, 바디스크럽 (50분)","Steam bath, body scrub (50min)",아동,"28,402 원"
TC57020004,머드배쓰 (40분),Mub bath (40min),성인,"29,644 원"
TC57020004,베르사유 풋마사지(30분),Versailles Foot  Massage(30min),성인,"31,478 원"
TC57020004,베르사유 바디마사지(30분),Versailles Body Massage(30min),성인,"31,478 원"
TC57020004,베르사유 머드배쓰 패키지 (60분),Versailles Mudbath package (60min),성인,"33,609 원"
TC57020004,"스팀배스, 바디스크럽 (50분)","Steam bath, body scrub (50min)",성인,"34,319 원"
TC57020004,"다오 잎 목욕, 바디스크럽 (50분)","Soaking in Dao leaves, Body scrub (50min)",아동,"34,851 원"
TC57020004,"머드배쓰, 스팀배쓰, 90분마사지 (커플패키지) 2인 기준","Mub bath, steam bath, 90mins massage (Couple package)",성인,"352,002 원"
TC57020004,"다오 잎 목욕, 바디스크럽 (50분)","Soaking in Dao leaves, Body scrub (50min)",성인,"42,366 원"
TC57020004,헤어 드레싱 (허벌 헤어드레싱 포함)90분,Hair dressing - Herbal hair dressing (90min),아동,"43,372 원"
TC57020004,베르사유 풋마사지(60분),Versailles Foot  Massage(60min),아동,"43,372 원"
TC57020004,베르사유 바디마사지(60분),Versailles Body Massage(60min),아동,"43,372 원"
TC57020004,베르사유 머드배쓰 (90분),"Versailles Mudbath, Body scrub (90min)",아동,"46,389 원"
TC57020004,바디마사지 - 핫스톤 (60분),Massage Body - Hotstone (60m),아동,"47,158 원"
TC57020004,베르사유 타이마사지(60분),Versailles Thai Massage(60min),아동,"47,691 원"
TC57020004,시그니처 베르사유 바디마사지 (60분),Signature Versailles Massage Body (60m),아동,"51,892 원"
TC57020004,베르사유 풋마사지(90분),Versailles Foot  Massage(90min),아동,"51,892 원"
TC57020004,베르사유 바디마사지(90분),Versailles Body Massage(90m),아동,"51,892 원"
TC57020004,헤어 드레싱 (허벌 헤어드레싱 포함)90분,Hair dressing - Herbal hair dressing (90min),성인,"53,016 원"
TC57020004,베르사유 풋마사지(60분),Versailles Foot  Massage(60min),성인,"53,016 원"
TC57020004,베르사유 바디마사지(60분),Versailles Body Massage(60min),성인,"53,016 원"
TC57020004,"머드배쓰, 스팀배쓰, 30분마사지 (90분)","Mub bath, steam bath, 30mins massage (90m)",아동,"53,608 원"
TC57020004,바디마사지 - 핫스톤 (90분),Massage Body - Hotstone (90m),아동,"55,856 원"
TC57020004,"머드배쓰, 스팀배쓰 (50분)","Mub bath, steam bath (50m)",아동,"56,212 원"
TC57020004,베르사유 머드배쓰 (90분),"Versailles Mudbath, Body scrub (90min)",성인,"56,803 원"
TC57020004,바디마사지 - 핫스톤 (60분),Massage Body - Hotstone (60m),성인,"57,750 원"
TC57020004,베르사유 타이마사지(60분),Versailles Thai Massage(60min),성인,"58,460 원"
TC57020004,시그니처 베르사유 바디마사지 (90분),Signature Versailles Massage Body (90m),아동,"60,590 원"
TC57020004,베르사유 타이마사지(90분),Versailles Thai Massage(90min),아동,"60,590 원"
TC57020004,시그니처 베르사유 바디마사지 (60분),Signature Versailles Massage Body (60m),성인,"63,667 원"
TC57020004,베르사유 풋마사지(90분),Versailles Foot  Massage(90min),성인,"63,667 원"
TC57020004,베르사유 바디마사지(90분),Versailles Body Massage(90m),성인,"63,667 원"
TC57020004,머드스파 + 60분마사지(100m),MUD SPA + 60minute massage+ meal (100m),아동,"64,732 원"
TC57020004,"머드배쓰, 스팀배쓰, 30분마사지 (90분)","Mub bath, steam bath, 30mins massage (90m)",성인,"65,856 원"
TC57020004,바디마사지 - 핫스톤 (90분),Massage Body - Hotstone (90m),성인,"68,637 원"
TC57020004,"머드배쓰, 스팀배쓰 (50분)","Mub bath, steam bath (50m)",성인,"69,111 원"
TC57020004,머드스파 + 90분마사지 (130m),MUD SPA + 90minute massage+ meal (130m),아동,"71,359 원"
TC57020004,시그니처 베르사유 바디마사지 (90분),Signature Versailles Massage Body (90m),성인,"74,554 원"
TC57020004,베르사유 타이마사지(90분),Versailles Thai Massage(90min),성인,"74,554 원"
TC57020004,머드스파 + 60분마사지(100m),MUD SPA + 60minute massage+ meal (100m),성인,"79,761 원"
TC57020004,베르사유 푸꾸옥 (150분),Versailles Phu Quoc (150min),아동,"80,826 원"
TC57020004,머드스파 + 90분마사지 (130m),MUD SPA + 90minute massage+ meal (130m),성인,"87,986 원"
TC57020004,베르사유 푸꾸옥 (150분),Versailles Phu Quoc (150min),성인,"99,820 원"
TC58796162,뷔페(랍스터불포함)+음료 무제한,Buffet only + free flow soft drinks,아동,"23,668 원"
TC58796162,뷔페+랍스타반마리+음료무제한,Buffet + 1/2 Lobster + Free flow soft drinks,아동,"32,544 원"
TC58796162,뷔페+랍스터반마리+음료 주류 무제한,Buffet + 1/2Lobster + Free flow beverages with Alcohol,아동,"32,544 원"
TC58796162,뷔페(랍스터불포함)+음료 무제한,Buffet only + free flow soft drinks,성인,"44,378 원"
TC58796162,뷔페+랍스터1마리+음료 무제한,Buffet +1 Lobster + Free Soft Drinks,아동,"47,336 원"
TC58796162,뷔페+랍스터1마리+음료 주류 무제한,Buffet + 1 Lobster + Free flow beverages with Alcohol,아동,"47,336 원"
TC58796162,뷔페+랍스타반마리+음료무제한,Buffet + 1/2 Lobster + Free flow soft drinks,성인,"53,253 원"
TC58796162,뷔페+랍스터반마리+음료 주류 무제한,Buffet + 1/2Lobster + Free flow beverages with Alcohol,성인,"53,253 원"
TC58796162,뷔페+랍스터1마리+음료 무제한,Buffet +1 Lobster + Free Soft Drinks,성인,"56,212 원"
TC58796162,뷔페+랍스터1마리+음료 주류 무제한,Buffet + 1 Lobster + Free flow beverages with Alcohol,성인,"62,129 원"
TC60471376,바호 폭포 트래킹 반나절 투어,VT02 - Half-day small - group tour to Ba Ho Waterfall,아동,"33,845 원"
TC60471376,바호 폭포 트래킹 반나절 투어,VT02 - Half-day small - group tour to Ba Ho Waterfall,성인,"42,307 원"
TC64977041,[5인 투어] 인당요금,LA_04: A Journey of Discovery - Group 5 pax,아동,"100,648 원"
TC64977041,[4인 투어] 인당요금,LA_04: A Journey of Discovery - Group 4 pax,아동,"103,843 원"
TC64977041,[3인 투어] 인당요금,LA_04: A Journey of Discovery - Group 3 pax,아동,"107,039 원"
TC64977041,[2인 투어] 인당요금,LA_04: A Journey of Discovery - Group min 2 pax,아동,"123,014 원"
TC64977041,[10인 투어] 인당요금,LA_04: A Journey of Discovery - Group 10 pax,성인,"146,978 원"
TC64977041,[9인 투어] 인당요금,LA_04: A Journey of Discovery - Group 9 pax,성인,"156,564 원"
TC64977041,[8인 투어] 인당요금,LA_04: A Journey of Discovery - Group 8 pax,성인,"169,345 원"
TC64977041,[7인 투어] 인당요금,LA_04: A Journey of Discovery - Group 7 pax,성인,"182,125 원"
TC64977041,[6인 투어] 인당요금,LA_04: A Journey of Discovery - Group 6 pax,성인,"194,906 원"
TC64977041,[5인 투어] 인당요금,LA_04: A Journey of Discovery - Group 5 pax,성인,"201,296 원"
TC64977041,[4인 투어] 인당요금,LA_04: A Journey of Discovery - Group 4 pax,성인,"207,687 원"
TC64977041,[3인 투어] 인당요금,LA_04: A Journey of Discovery - Group 3 pax,성인,"214,077 원"
TC64977041,[2인 투어] 인당요금,LA_04: A Journey of Discovery - Group min 2 pax,성인,"246,029 원"
TC64977041,[10인 투어] 인당요금,LA_04: A Journey of Discovery - Group 10 pax,아동,"73,489 원"
TC64977041,[9인 투어] 인당요금,LA_04: A Journey of Discovery - Group 9 pax,아동,"78,282 원"
TC64977041,[8인 투어] 인당요금,LA_04: A Journey of Discovery - Group 8 pax,아동,"84,672 원"
TC64977041,[7인 투어] 인당요금,LA_04: A Journey of Discovery - Group 7 pax,아동,"91,063 원"
TC64977041,[6인 투어] 인당요금,LA_04: A Journey of Discovery - Group 6 pax,아동,"97,453 원"
TC65289115,푸꾸옥 공항으로 입국 패스트 트랙,Fastrack International - Arrival flight,성인,"17,455 원"
TC65289115,푸꾸옥 공항으로 입국 패스트 트랙,Fastrack International - Arrival flight,아동,"8,698 원"
TC65722506,베트남식 전통 마사지-60분,Traditional Vietnamese massage - 60 min,성인,"24,141 원"
TC65722506,스웨디시 마사지-90분,Swedish massage - 90 min,성인,"30,354 원"
TC65722506,발리니즈 마사지-90분,Balines massage - 90min,성인,"30,354 원"
TC65722506,발마사지-90분,FOOT THERAPY - 90 min,성인,"30,354 원"
TC65722506,타이 마사지-90분,Thai massage - 90 min,성인,"33,254 원"
TC65722506,임산부 마사지-90분,PREGNANT MASSAGE - 90 min,성인,"33,254 원"
TC65722506,아로마 마사지-120분,Aroma massage - 120 min,성인,"39,762 원"
TC65722506,핫스톤 마사지-120분,Hot stone massage - 120,성인,"39,762 원"
TC65722506,발마사지-120분,FOOT THERAPY - 120min,성인,"39,762 원"
TC65722506,허발 바디 테라피-120분,Herbal body therapy - 120 min,성인,"42,366 원"
TC65722506,임산부 마사지-120분,PREGNANT MASSAGE - 120 min,성인,"42,366 원"
TC65722506,"바디스크럽, 바디마사지 & 발마사지-120분","Body scrub, body massage & foot massage - 120min",성인,"44,969 원"
TC65722506,"바디스크럽, 바디마사지 & 페이셜-120분","Body scrub, body massage & facial - 120 min",성인,"44,969 원"
TC65722506,"바디마사지, 페이셜 & 발마사지-120분","Body massage, facial & foot massage - 120 min",성인,"44,969 원"
TC66017676,남부 4섬 스피드보트투어(최소5인이상) 인당요금,OBS_03 PRIVATE - CHARTER ISLAND HOPPING EXPLORE 4 ISLANDS IN THE SOUTH PHU QUOC BY SPEEDBOAT,아동,"47,869 원"
TC66017676,남부 4섬 스피드보트투어(최소5인이상) 인당요금,OBS_03 PRIVATE - CHARTER ISLAND HOPPING EXPLORE 4 ISLANDS IN THE SOUTH PHU QUOC BY SPEEDBOAT,성인,"91,003 원"
TC67014260,[북부지역 픽업샌딩] 성인1인이용_1인당금액,[North area pickup&sending] adult 1pax,아동,"27,987 원"
TC67014260,[북부지역 픽업샌딩] 성인2인이용_1인당금액,[North area pickup&sending] adult 2pax,아동,"27,987 원"
TC67014260,[북부지역 픽업샌딩] 성인3인이용_1인당금액,[North area pickup&sending] adult 3pax,아동,"27,987 원"
TC67014260,[북부지역 픽업샌딩] 성인4인이상이용_1인당금액,[North area pickup&sending] adult 4pax and more,아동,"27,987 원"
TC67014260,[중부지역 픽업샌딩] 성인1인이용_1인당금액,[Middle area pickup&sending] adult 1pax,아동,"27,987 원"
TC67014260,[중부지역 픽업샌딩] 성인2인이용_1인당금액,[Middle area pickup&sending] adult 2pax,아동,"27,987 원"
TC67014260,[중부지역 픽업샌딩] 성인3인이용_1인당금액,[Middle area pickup&sending] adult 3pax,아동,"27,987 원"
TC67014260,[중부지역 픽업샌딩] 성인4인이상 이용_1인당금액,[Middle area pickup&sending] adult 4pax and more,아동,"27,987 원"
TC67014260,[남부지역 픽업샌딩] 성인1인이용_1인당금액,[South area pickup&sending] adult 1pax,아동,"27,987 원"
TC67014260,[남부지역 픽업샌딩] 성인2인이용_1인당금액,[South area pickup&sending] adult 2pax,아동,"27,987 원"
TC67014260,[남부지역 픽업샌딩] 성인3인이용_1인당금액,[South area pickup&sending] adult 3pax,아동,"27,987 원"
TC67014260,[남부지역 픽업샌딩] 성인4인이상 이용_1인당금액,[South area pickup&sending] adult 4pax and more,아동,"27,987 원"
TC67014260,"[픽업,샌딩 제외] 나이트사파리 티켓 1인당 금액",[Except car] Night Safari Ticket Only,아동,"27,987 원"
TC67014260,"[픽업,샌딩 제외] 나이트사파리 티켓 1인당 금액",[Except car] Night Safari Ticket Only,성인,"36,330 원"
TC67014260,[북부지역 픽업샌딩] 성인4인이상이용_1인당금액,[North area pickup&sending] adult 4pax and more,성인,"45,206 원"
TC67014260,[북부지역 픽업샌딩] 성인3인이용_1인당금액,[North area pickup&sending] adult 3pax,성인,"46,212 원"
TC67014260,[북부지역 픽업샌딩] 성인2인이용_1인당금액,[North area pickup&sending] adult 2pax,성인,"48,164 원"
TC67014260,[중부지역 픽업샌딩] 성인4인이상 이용_1인당금액,[Middle area pickup&sending] adult 4pax and more,성인,"48,164 원"
TC67014260,[남부지역 픽업샌딩] 성인4인이상 이용_1인당금액,[South area pickup&sending] adult 4pax and more,성인,"51,123 원"
TC67014260,[북부지역 픽업샌딩] 성인1인이용_1인당금액,[North area pickup&sending] adult 1pax,성인,"54,081 원"
TC67014260,[중부지역 픽업샌딩] 성인2인이용_1인당금액,[Middle area pickup&sending] adult 2pax,성인,"54,081 원"
TC67014260,[중부지역 픽업샌딩] 성인3인이용_1인당금액,[Middle area pickup&sending] adult 3pax,성인,"54,081 원"
TC67014260,[남부지역 픽업샌딩] 성인3인이용_1인당금액,[South area pickup&sending] adult 3pax,성인,"54,081 원"
TC67014260,[남부지역 픽업샌딩] 성인2인이용_1인당금액,[South area pickup&sending] adult 2pax,성인,"59,998 원"
TC67014260,[중부지역 픽업샌딩] 성인1인이용_1인당금액,[Middle area pickup&sending] adult 1pax,성인,"65,915 원"
TC67014260,[남부지역 픽업샌딩] 성인1인이용_1인당금액,[South area pickup&sending] adult 1pax,성인,"77,749 원"
TC68194648,케이블카 왕복 (워터파크 포함),Cable Car 2 ways,아동,"32,958 원"
TC68194648,케이블카 왕복 (워터파크 포함),Cable Car 2 ways,성인,"40,946 원"
TC69108144,대물 낚시투어,BIG FISHING TOUR IN PHU QUOC ISLAND,아동,"138,280 원"
TC69108144,대물 낚시투어,BIG FISHING TOUR IN PHU QUOC ISLAND,성인,"196,267 원"
TC69355731,모닝 투어,Morning tour,성인,"9,900 원(1인 12 USD 잔금 현장결제) "
TC69355731,모닝 투어,Morning tour,아동,"9,900 원(1인 3 USD 잔금 현장결제) "
TC70280895,키즈마사지 60분,Kids massage 60m,아동,"22,485 원"
TC70280895,키즈마사지 90분,Kids massage 90m,아동,"27,455 원"
TC70280895,발 마사지 60분,Foot massage 60m,성인,"29,940 원"
TC70280895,발마사지+발각질제거60분,Foot massage+Foot scrub 60min,성인,"34,910 원"
TC70280895,발 마사지 90분,Foot massage 90m,성인,"35,739 원"
TC70280895,아로마 마사지 90분,Aroma massge 90min,성인,"35,739 원"
TC70280895,베트남전통 마사지 90분,vietnam traditional massage 90min,성인,"35,739 원"
TC70280895,태교마사지 90분,Prenatal massage 90min,성인,"37,395 원"
TC70280895,핫스톤 마사지 90분,Hot Stone massage 90m,성인,"37,810 원"
TC70280895,발마사지+발각질제거90분,Foot massage+Foot scrub 90min,성인,"39,881 원"
TC70280895,오메가 마사지 120분,Omega massage 120m,성인,"40,709 원"
TC70280895,(발 각질제거+오메가스파) 120분,(Foot Scrub+Omega massage) 120m,성인,"44,851 원"
TC71287321,나트랑 입국 패스트 트랙,Fast Track International - Arrival flight,성인,"13,254 원"
TC71721183,발 마사지 - 30분,Foot Massage - 30 mins,성인,"13,727 원"
TC71721183,손 케어 (큐티클제거+손팩+영양제),Hand care (Cuticle care + Hand care + Nourishing),성인,"13,787 원"
TC71721183,발 케어 (큐티클제거+발팩+영양제),Foot care (Cuticle care + Foot care + Nourishing),성인,"15,029 원"
TC71721183,일반 네일아트 (큐티클제거+메니큐어 1컬러),Basic nail art (Cuticle care + 1-color manicure),성인,"15,443 원"
TC71721183,키즈 젤 3컬러 (큐티클제거+젤 3컬러+스티커4개),Kids Nail - Gel 3 colors (Cuticle care + 3 gel colors + 4 stickers),아동,"17,100 원"
TC71721183,키즈 마사지 - 60분,Kids Massage - 60 mins,아동,"18,461 원"
TC71721183,발 마사지 - 60분,Foot Massage - 60 mins,성인,"20,354 원"
TC71721183,키즈 젤 디자인 (큐티클제거+젤 디자인),Kids gel design (Cuticle care + Gel design),아동,"22,485 원"
TC71721183,발케어 스페셜 (큐티클제거+발각질제거+발팩+영양제),Foot care special (Cuticle care + Special foot care + Nourishing),성인,"23,313 원"
TC71721183,젤 1컬러 (큐티클제거+젤 1컬러),Gel one-color (Cuticle care + 1-color gel polish),성인,"24,556 원"
TC71721183,아로마 바디 마사지 - 60분,Aroma Body Massage - 60 mins,성인,"24,615 원"
TC71721183,키즈 마사지 - 90분,Kids Massage - 90 mins,아동,"24,615 원"
TC71721183,선번 마사지 - 60분,Sun Burn massage - 60 mins,성인,"25,561 원"
TC71721183,아로마 핫 스톤 마사지 - 60분,Hot Stone Massage - 60 mins,성인,"26,035 원"
TC71721183,건식 마사지 - 60분,Dry Massage - 60 mins,성인,"26,035 원"
TC71721183,임산부 마사지 - 60분,Pregnancy Massage - 60 mins,성인,"26,035 원"
TC71721183,발 마사지 - 90분,Foot Massage - 90 mins,성인,"26,982 원"
TC71721183,젤 디자인 (큐티클제거+일반 디자인 젤),Gel design (Cuticle care + Basic design gel),성인,"27,455 원"
TC71721183,쥬얼리 네일 (큐티클 제거+쥬얼리 디자인),Jewelry nail (Cuticle care + Jewelry design),성인,"29,526 원"
TC71721183,파우더 네일 (큐티클 제거+파우더 디자인),Powder nail (Cuticle care + Powder design),성인,"29,526 원"
TC71721183,아로마 바디 마사지 - 90분,Aroma Body Massage - 90 mins,성인,"30,768 원"
TC71721183,키즈 마사지 - 120분,Kids Massage - 120 mins,아동,"30,768 원"
TC71721183,선번 마사지 - 90분,Sun Burn massage - 90 mins,성인,"32,188 원"
TC71721183,아로마 핫 스톤 마사지 - 90분,Hot Stone Massage - 90 mins,성인,"33,135 원"
TC71721183,건식 마사지 - 90분,Dry Massage - 90 mins,성인,"33,135 원"
TC71721183,임산부 마사지 - 90분,Pregnancy Massage - 90 mins,성인,"33,135 원"
TC71721183,아로마 바디 마사지 - 120분,Aroma Body Massage - 120 mins,성인,"36,922 원"
TC71721183,아로마 핫 스톤 마사지 - 120분,Hot Stone Massage - 120 mins,성인,"40,236 원"
TC71721183,건식 마사지 - 120분,Dry Massage - 120 mins,성인,"40,236 원"
TC72250628,[단독투어 11-15인] 인당 요금,OB05_GRAND WORLD - NORTH PHU QUOC ISLAND NIGHT LIFE 11-15 PAX,아동,"103,429 원"
TC72250628,[단독투어 9-10인] 인당 요금,OB05_GRAND WORLD - NORTH PHU QUOC ISLAND NIGHT LIFE 9-10 PAX,아동,"114,316 원"
TC72250628,[단독투어 11-15인] 인당 요금,OB05_GRAND WORLD - NORTH PHU QUOC ISLAND NIGHT LIFE 11-15 PAX,성인,"121,180 원"
TC72250628,[단독투어 7-8인] 인당 요금,OB05_GRAND WORLD - NORTH PHU QUOC ISLAND NIGHT LIFE 7-8 PAX,아동,"125,204 원"
TC72250628,[단독투어 9-10인] 인당 요금,OB05_GRAND WORLD - NORTH PHU QUOC ISLAND NIGHT LIFE 9-10 PAX,성인,"133,961 원"
TC72250628,[단독투어 5-6인] 인당 요금,OB05_GRAND WORLD - NORTH PHU QUOC ISLAND NIGHT LIFE 5-6 PAX,아동,"136,032 원"
TC72250628,[단독투어 7-8인] 인당 요금,OB05_GRAND WORLD - NORTH PHU QUOC ISLAND NIGHT LIFE 7-8 PAX,성인,"146,742 원"
TC72250628,[단독투어 3-4인] 인당 요금,OB05_GRAND WORLD - NORTH PHU QUOC ISLAND NIGHT LIFE 3-4 PAX,아동,"146,919 원"
TC72250628,[단독투어 2인] 인당 요금,OB05_GRAND WORLD - NORTH PHU QUOC ISLAND NIGHT LIFE 2 PAX,아동,"157,747 원"
TC72250628,[단독투어 5-6인] 인당 요금,OB05_GRAND WORLD - NORTH PHU QUOC ISLAND NIGHT LIFE 5-6 PAX,성인,"159,522 원"
TC72250628,[단독투어 3-4인] 인당 요금,OB05_GRAND WORLD - NORTH PHU QUOC ISLAND NIGHT LIFE 3-4 PAX,성인,"172,303 원"
TC72250628,[단독투어 2인] 인당 요금,OB05_GRAND WORLD - NORTH PHU QUOC ISLAND NIGHT LIFE 2 PAX,성인,"185,084 원"
TC73536205,4섬투어+케이블카,ISLAND TOUR CABLE CAR,아동,"66,625 원"
TC73536205,4섬투어+케이블카,ISLAND TOUR CABLE CAR,성인,"85,797 원"
TC73683671,하이클래스 웰컴투어(성인2인 이상) -마사지 불포함,High Class welcome tour (minimum 2person)- exclude spa,아동,"20,591 원"
TC73683671,하이클래스 웰컴투어(성인1인) -마사지 불포함,High Class welcome tour (1person))-exclude spa,아동,"20,591 원"
TC73683671,하이클래스 웰컴투어(성인2인 이상) -마사지 포함,High Class welcome tour (minimum 2person)-include spa,아동,"42,129 원"
TC73683671,하이클래스 웰컴투어(성인1인) -마사지 포함,High Class welcome tour (1person))-include spa,아동,"42,129 원"
TC73683671,하이클래스 웰컴투어(성인2인 이상) -마사지 불포함,High Class welcome tour (minimum 2person)- exclude spa,성인,"44,673 원"
TC73683671,하이클래스 웰컴투어(성인1인) -마사지 불포함,High Class welcome tour (1person))-exclude spa,성인,"62,424 원"
TC73683671,하이클래스 웰컴투어(성인2인 이상) -마사지 포함,High Class welcome tour (minimum 2person)-include spa,성인,"74,495 원"
TC73683671,하이클래스 웰컴투어(성인1인) -마사지 포함,High Class welcome tour (1person))-include spa,성인,"92,246 원"
TC77161560,푸꾸옥 남부,South Phu Quoc,성인,"165,143 원"
TC79654972,3섬 투어,3 ISLANDS TOUR,아동,"21,301 원"
TC79654972,3섬 투어,3 ISLANDS TOUR,성인,"36,626 원"
TC79688973,발마사지 60분,Foot Massage 60min,아동,"18,757 원"
TC79688973,아로마 바디 마사지 60분,Aroma Body Massage 60min,아동,"19,822 원"
TC79688973,발마사지 60분,Foot Massage 60min,성인,"21,005 원"
TC79688973,아로마+핫스톤 바디마사지 60분,Aroma+Hot stone Body Massage 60min,아동,"21,420 원"
TC79688973,타이(건식) 마사지 60분,Thai Massage 60min,아동,"21,420 원"
TC79688973,아로마 바디 마사지 60분,Aroma Body Massage 60min,성인,"22,189 원"
TC79688973,아로마+핫스톤 바디마사지 60분,Aroma+Hot stone Body Massage 60min,성인,"23,964 원"
TC79688973,타이(건식) 마사지 60분,Thai Massage 60min,성인,"23,964 원"
TC79688973,발마사지 90분,Foot Massage 90min,아동,"25,147 원"
TC79688973,아로마 바디 마사지 90분,Aroma Body Massage 90min,아동,"26,745 원"
TC79688973,발마사지 90분,Foot Massage 90min,성인,"28,106 원"
TC79688973,아로마+핫스톤 바디마사지 90분,Aroma+Hot stone Body Massage 90min,아동,"28,342 원"
TC79688973,타이(건식) 마사지 90분,Thai Massage 90min,아동,"28,342 원"
TC79688973,아로마 바디 마사지 90분,Aroma Body Massage 90min,성인,"29,881 원"
TC79688973,발마사지 120분,Foot Massage 120min,아동,"31,538 원"
TC79688973,아로마+핫스톤 바디마사지 90분,Aroma+Hot stone Body Massage 90min,성인,"31,656 원"
TC79688973,타이(건식) 마사지 90분,Thai Massage 90min,성인,"31,656 원"
TC79688973,아로마 바디 마사지 120분,Aroma Body Massage 120min,아동,"33,135 원"
TC79688973,아로마+핫스톤 바디마사지 120분,Aroma+Hot stone Body Massage 120min,아동,"34,733 원"
TC79688973,타이(건식) 마사지 120분,Thai Massage 120min,아동,"34,733 원"
TC79688973,발마사지 120분,Foot Massage 120min,성인,"35,206 원"
TC79688973,아로마 바디 마사지 120분,Aroma Body Massage 120min,성인,"36,981 원"
TC79688973,아로마+핫스톤 바디마사지 120분,Aroma+Hot stone Body Massage 120min,성인,"38,756 원"
TC79688973,타이(건식) 마사지 120분,Thai Massage 120min,성인,"38,756 원"
TC81138830,"베트남 유심 비나폰 5GB/매일, 7일 사용가능","SIM VINAPHONE 5GB/day, 7days",성인,"5,029 원"
TC81138830,"베트남 유심 비나폰 5GB/매일, 7일 사용가능","SIM VINAPHONE 5GB/day, 7days",아동,"5,029 원"
TC81138830,"베트남 유심 비나폰 5GB/매일, 7일 사용가능","SIM VINAPHONE 5GB/day, 7days",유아,"5,029 원"
TC81441490,아이스정글 쇼,ICE JUNGLE SHOW,성인,"13,017 원"
TC83355428,핸드 큐티클+네일케어+핸드 마스크,Hand Cuticle + Nail Care + Hand Mask,성인,"18,520 원"
TC83355428,풋 큐티클+네일 케어+풋 마스크,Foot Cuticle + Nail Care + Foot Mask,성인,"19,940 원"
TC83355428,키즈 마사지 60분,Kid massage 60min,아동,"23,550 원"
TC83355428,키즈네일 패키지(만7세이하),Kid’s Nail Package (Under 8 Years Old),아동,"23,550 원"
TC83355428,큐티클 제거+ 젤 폴리시(손),Cuticle Removal + Gel Polish (Hands),성인,"25,029 원"
TC83355428,큐티클 제거+ 젤 폴리시(발),Cuticle Removal + Gel Polish (Feet),성인,"25,976 원"
TC83355428,발마사지 60분,Foot massage 60min,성인,"30,295 원"
TC83355428,풀바디 오일 마사지 60분,Full body oil massage 60min,성인,"30,828 원"
TC83355428,키즈 마사지 90분,Kid massage 90min,아동,"32,366 원"
TC83355428,타이 마사지 60분,Thai Massage 60min,성인,"36,094 원"
TC83355428,콤보 60분,Combo 60min,성인,"37,336 원"
TC83355428,키즈 마사지 120분,Kid massage 120min,아동,"38,638 원"
TC83355428,발마사지 90분,Foot massage 90min,성인,"38,875 원"
TC83355428,풀바디 오일 마사지 90분,Full body oil massage 90min,성인,"39,585 원"
TC83355428,임산부마사지 90분,Pregnancy Massage 90min,성인,"41,123 원"
TC83355428,발마사지 &핫스톤 90분,Foot massage & Hotstone 90min,성인,"41,892 원"
TC83355428,풀바디 오일 마사지&핫스톤 90분,Full body oil massage & Hotstone 90min,성인,"42,602 원"
TC83355428,콤보 120분,Combo 120min,성인,"44,555 원"
TC83355428,풀바디 오일 마사지 120분,Full body oil massage 120min,성인,"45,916 원"
TC83355428,타이 마사지 90분,Thai Massage 90min,성인,"46,153 원"
TC83355428,풀바디 오일 마사지&핫스톤 120분,Full body oil massage & Hotstone 120min,성인,"50,413 원"
TC83355428,임산부마사지 120분,Pregnancy Massage 120min,성인,"51,182 원"
TC84712953,피셔맨 캐치 씨푸드 디너 뷔페,Fisherman Catch Seafood buffet,아동,"28,993 원"
TC84712953,피셔맨 캐치 씨푸드 디너 뷔페,Fisherman Catch Seafood buffet,성인,"55,028 원"
TC85086188,나트랑 프리미엄 시티 투어,Nha Trang Premium City Tour,아동,"40,117 원"
TC85086188,나트랑 프리미엄 시티 투어,Nha Trang Premium City Tour,성인,"49,111 원"
TC86861813,양베이 파크 데일리 투어,DAILY TOUR YANG BAY,아동,"23,076 원"
TC86861813,양베이 파크 데일리 투어,DAILY TOUR YANG BAY,성인,"30,177 원"
TC87057016,스탠드업 패들보드 선셋 투어,Stand Up Paddle Boarding and Sunset Watching on Cai River,아동,"17,988 원"
TC87057016,스탠드업 패들보드 선셋 투어,Stand Up Paddle Boarding and Sunset Watching on Cai River,성인,"25,147 원"
TC87822785,하이클래스 공항샌딩 투어-마사지 불포함,High Class Airport Sending tour-exclude spa,아동,"9,900 원(1인 10 USD 잔금 현장결제) "
TC87822785,하이클래스 공항샌딩 투어-마사지 불포함,High Class Airport Sending tour-exclude spa,성인,"9,900 원(1인 16 USD 잔금 현장결제) "
TC87822785,하이클래스 공항샌딩 투어-마사지포함,High Class Airport Sending tour-include spa,아동,"9,900 원(1인 26 USD 잔금 현장결제) "
TC87822785,하이클래스 공항샌딩 투어-마사지포함,High Class Airport Sending tour-include spa,성인,"9,900 원(1인 37 USD 잔금 현장결제) "
TC89114618,쿠킹클래스(시장투어 불포함),Cooking class wtihout market trip,아동,"20,710 원"
TC89114618,쿠킹클래스 (시장투어 포함),Cooking class wtih market trip,아동,"29,585 원"
TC89114618,쿠킹클래스(시장투어 불포함),Cooking class wtihout market trip,성인,"38,461 원"
TC89114618,쿠킹클래스 (시장투어 포함),Cooking class wtih market trip,성인,"56,212 원"
TC89637596,진주 다이빙 투어,PEARL DIVING TOUR,성인,"85,797 원"
TC89765246,하이클래스 웰컴투어(성인2인 이상) -마사지 불포함,High Class welcome tour (minimum 2person)- exclude spa,아동,"20,591 원"
TC89765246,하이클래스 웰컴투어(성인1인) -마사지 불포함,High Class welcome tour (1person)-exclude spa,아동,"20,591 원"
TC89765246,하이클래스 웰컴투어(성인2인 이상) -마사지 포함,High Class welcome tour (minimum 2person)-include spa,아동,"40,236 원"
TC89765246,하이클래스 웰컴투어(성인1인) -마사지 포함,High Class welcome tour (1person)-include spa,아동,"40,236 원"
TC89765246,하이클래스 웰컴투어(성인2인 이상) -마사지 불포함,High Class welcome tour (minimum 2person)- exclude spa,성인,"44,673 원"
TC89765246,하이클래스 웰컴투어(성인1인) -마사지 불포함,High Class welcome tour (1person)-exclude spa,성인,"62,661 원"
TC89765246,하이클래스 웰컴투어(성인2인 이상) -마사지 포함,High Class welcome tour (minimum 2person)-include spa,성인,"74,495 원"
TC89765246,하이클래스 웰컴투어(성인1인) -마사지 포함,High Class welcome tour (1person)-include spa,성인,"92,069 원"
TC90369133,하이클래스 웰컴투어(성인2인 이상) -마사지 불포함,High Class welcome tour (minimum 2person)- exclude spa,아동,"20,591 원"
TC90369133,하이클래스 웰컴투어(성인1인) -마사지 불포함,High Class welcome tour (1person)-exclude spa,아동,"20,591 원"
TC90369133,하이클래스 웰컴투어(성인2인 이상) -마사지 포함,High Class welcome tour (minimum 2person)-include spa,아동,"42,129 원"
TC90369133,하이클래스 웰컴투어(성인1인) -마사지 포함,High Class welcome tour (1person)-include spa,아동,"42,129 원"
TC90369133,하이클래스 웰컴투어(성인2인 이상) -마사지 불포함,High Class welcome tour (minimum 2person)- exclude spa,성인,"44,673 원"
TC90369133,하이클래스 웰컴투어(성인1인) -마사지 불포함,High Class welcome tour (1person)-exclude spa,성인,"62,424 원"
TC90369133,하이클래스 웰컴투어(성인2인 이상) -마사지 포함,High Class welcome tour (minimum 2person)-include spa,성인,"74,495 원"
TC90369133,하이클래스 웰컴투어(성인1인) -마사지 포함,High Class welcome tour (1person)-include spa,성인,"92,069 원"
TC90688822,2섬 보트 투어,DISCOVERY 2 ISLAND BY BOAT,아동,"21,183 원"
TC90688822,2섬 보트 투어,DISCOVERY 2 ISLAND BY BOAT,성인,"28,993 원"
TC90816580,두피 & 샴푸 30분,SCALP & SHAMPOO 30 minutes,아동,"10,710 원"
TC90816580,발 마사지 30분,FOOT MASSAGE 30 minutes,아동,"12,307 원"
TC90816580,두피 & 샴푸 45분,SCALP & SHAMPOO 45 minutes,아동,"12,307 원"
TC90816580,두피 & 샴푸 30분,SCALP & SHAMPOO 30 minutes,성인,"13,905 원"
TC90816580,발 마사지 30분,FOOT MASSAGE 30 minutes,성인,"15,207 원"
TC90816580,목-어깨-목덜미 마사지 30분,NECK - SHOULDER - NAPE MASSAGE 30 minutes,성인,"15,503 원"
TC90816580,발 마사지 45분,FOOT MASSAGE 45 minutes,아동,"15,503 원"
TC90816580,두피 & 샴푸 45분,SCALP & SHAMPOO 45 minutes,성인,"17,100 원"
TC90816580,발 마사지 60분,FOOT MASSAGE 60 minutes,아동,"17,100 원"
TC90816580,페이셜 마사지 30분,FACIAL MASSAGE 30 minutes,성인,"17,100 원"
TC90816580,두피 & 샴푸 60분,SCALP & SHAMPOO 60 minutes,아동,"17,100 원"
TC90816580,발 마사지 45분,FOOT MASSAGE 45 minutes,성인,"19,349 원"
TC90816580,두피 & 샴푸 60분,SCALP & SHAMPOO 60 minutes,성인,"20,295 원"
TC90816580,아로마 마사지 60분,MASSAGE AROMA 60 minutes,아동,"20,295 원"
TC90816580,발 마사지 90분,FOOT MASSAGE 90 minutes,아동,"20,295 원"
TC90816580,발 마사지 60분,FOOT MASSAGE 60 minutes,성인,"21,893 원"
TC90816580,핫 스톤 발 마사지 60분,HOT STONE FOOT MASSAGE 60 minutes,성인,"23,490 원"
TC90816580,아로마 마사지 60분,MASSAGE AROMA 60 minutes,성인,"24,496 원"
TC90816580,임산부 마사지 (8개월 미만) 60분,PRENATAL MASSAGE (under 8 month) 60 minutes,성인,"24,496 원"
TC90816580,목-어깨-목덜미 마사지 60분,NECK - SHOULDER - NAPE MASSAGE 60 minutes,성인,"24,496 원"
TC90816580,아로마 마사지 90분,MASSAGE AROMA 90 minutes,아동,"25,088 원"
TC90816580,페이셜 마사지 60분,FACIAL MASSAGE 60 minutes,성인,"26,686 원"
TC90816580,발 마사지 90분,FOOT MASSAGE 90 minutes,성인,"27,692 원"
TC90816580,핫 스톤 마사지 60분,HOT STONE  MASSAGE 60 minutes,성인,"27,692 원"
TC90816580,썬번 케어 마사지 60분,SUNBURN CARE MASSAGE 60 minnutes,성인,"27,692 원"
TC90816580,타이 마사지 60분,THAI MASSAGE 60minnutes,성인,"27,692 원"
TC90816580,콤보 루미 1 (두피 & 샴푸 + 아로마 & 페이셜 마사지) 100분,COMBO LUMI 1  (Scalp & shampoo + Aroma & Facial Massage) 100 minutes,아동,"28,283 원"
TC90816580,핫 스톤 발 마사지 90분,HOT STONE FOOT MASSAGE 90 minutes,성인,"28,934 원"
TC90816580,아로마 마사지 90분,MASSAGE AROMA 90 minutes,성인,"30,887 원"
TC90816580,임산부 마사지 (8개월 미만) 90분,PRENATAL MASSAGE (under 8 month) 90 minutes,성인,"30,887 원"
TC90816580,아로마 마사지 120분,MASSAGE AROMA 120 minutes,아동,"31,183 원"
TC90816580,핫 스톤 마사지 90분,HOT STONE  MASSAGE 90 minutes,성인,"34,082 원"
TC90816580,썬번 케어 마사지 90분,SUNBURN CARE MASSAGE 90 minnutes,성인,"34,082 원"
TC90816580,타이 마사지 90분,THAI MASSAGE 90minnutes,성인,"34,082 원"
TC90816580,콤보 루미 1 (두피 & 샴푸 + 아로마 & 페이셜 마사지) 100분,COMBO LUMI 1  (Scalp & shampoo + Aroma & Facial Massage) 100 minutes,성인,"37,277 원"
TC90816580,아로마 마사지 120분,MASSAGE AROMA 120 minutes,성인,"37,277 원"
TC90816580,임산부 마사지 (8개월 미만) 120분,PRENATAL MASSAGE (under 8 month) 120 minutes,성인,"37,277 원"
TC90816580,핫 스톤 마사지 120분,HOT STONE  MASSAGE 120 minutes,성인,"40,472 원"
TC90816580,썬번 케어 마사지 120분,SUNBURN CARE MASSAGE 120 minnutes,성인,"40,472 원"
TC90816580,타이 마사지 120분,THAI MASSAGE 120minnutes,성인,"40,472 원"
TC90816580,포핸즈 마사지 60분,Massage Fours Hands 60 minnutes,성인,"40,472 원"
TC90816580,콤보 루미 2 (두피 & 샴푸 + 페이셜 & 핫 스톤 바디 마사지) 120분,COMBO LUMI 2 (Scalp & shampoo + Facial & Hot stone Body Massage) 120 minutes,성인,"43,963 원"
TC90816580,포핸즈 마사지 90분,Massage Fours Hands 90 minnutes,성인,"56,448 원"
TC90816580,포핸즈 마사지 120분,Massage Fours Hands 120 minnutes,성인,"69,229 원"
TC91050407,3섬 보트 투어,Discovery 3 island by boat,아동,"28,283 원"
TC91050407,3섬 보트 투어,Discovery 3 island by boat,성인,"37,869 원"
TC91361882,키스 오브 더 씨쇼 + 키스 브리지,Kiss Of The Sea Show + The Kiss Bridge,성인,"30,354 원"
TC91361882,키스 오브 더 씨쇼 + 키스 브리지,Kiss Of The Sea Show + The Kiss Bridge,아동,"30,354 원"
TC91997649,발 마사지 30분,FOOT MASSAGE 30mins,성인,"23,609 원"
TC91997649,바디스크럽 60분,BODY SCRUB 60mins,성인,"38,401 원"
TC91997649,스웨디시 마사지 60분,SWEDISH MASSAGE 60 mins,성인,"41,360 원"
TC91997649,스웨디시 마사지 90분,SWEDISH MASSAGE 90 mins,성인,"56,152 원"
TC91997649,핫스톤 마사지 90분,HOT STONE MASSAGE 90 mins,성인,"59,111 원"
TC91997649,콜라겐 컴플렉스 레쥬베네이팅 80분,COLLAGEN COMPLEX REJUVENATING 80mins,성인,"59,111 원"
TC93632007,모닝투어-마사지불포함,Morning tour-exclude spa,성인,"9,900 원(1인 15 USD 잔금 현장결제) "
TC93632007,모닝 투어-마사지 포함,Morning tour-include spa,아동,"9,900 원(1인 18 USD 잔금 현장결제) "
TC93632007,모닝투어-마사지불포함,Morning tour-exclude spa,아동,"9,900 원(1인 3 USD 잔금 현장결제) "
TC93632007,모닝 투어-마사지 포함,Morning tour-include spa,성인,"9,900 원(1인 35 USD 잔금 현장결제) "
TC94202353,키즈스파 - (슬립딥 바디테라피) - 45분,KID - SLEEP DEEPLY BODY THERAPY - 45 minutes,아동,"102,542 원"
TC94202353,텐션 릴리즈 마사지 - 40분,TENSION RELEASE MASSAGE - INDULGE- 40minutes,성인,"102,542 원"
TC94202353,바디 폴리시 -60분,BODY POLISH - INDULGE -60 minutes,성인,"107,926 원"
TC94202353,얼티메이트 아로마테라피 - 60분,ULTIMATE AROMATHERAPHY (CALM) - 60 minutes,성인,"161,593 원"
TC94202353,딥 클렌즈 페이셜 - 60분,DEEP CLEANSE FACIAL - INDULGE- 60 minutes,성인,"161,593 원"
TC94202353,인텐스 머슬 릴리스 - 60분,INTENSE MUSCLES RELEASE (INDULGE) - 60 minutes,성인,"166,978 원"
TC94202353,타이 요가 스트레칭 - 60분,THAI YOGA STRETCHING (INDULGE) - 60 minutes,성인,"166,978 원"
TC94202353,너처링 프레그넌시 마사지 - 75분,NURTURING PREGNANCY MASSAGE (CALM) - 75 minutes,성인,"188,456 원"
TC94202353,얼리메이트 아로마테라피 - 90분,ULTIMATE AROMATHERAPHY (CALM) - 90 Minutes,성인,"193,782 원"
TC94202353,인텐스 머슬 릴리스 - 90분,INTENSE MUSCLES RELEASE (INDULGE) - 90 minutes,성인,"199,166 원"
TC94202353,타이 요가 스트레칭 - 90분,THAI YOGA STRETCHING (INDULGE) - 90 minutes,성인,"199,166 원"
TC94202353,힐링 스톤 테라피 - 90분,HEALING STONE THERAPY (INVIGORATE) - 90 minutes,성인,"199,166 원"
TC94202353,딥 클렌즈 페이셜 - 90분,DEEP CLEANSE FACIAL - INDULGE- 90 minutes,성인,"199,166 원"
TC94202353,페디큐어 - 45분,Pedicure 45 minutes,성인,"43,549 원"
TC94202353,레슨 오브 러브 패키지 (커플만 이용 가능) - 180분,LESSON OF LOVE PACKAGE (APPLY FOR COUPLE) - 180 minutes,성인,"670,219 원"
TC94202353,손 or 발 케어 패키지 60분,Hand or Feet Care Package 60 minutes,성인,"70,353 원"
TC94202353,텐션 릴리즈 마사지 - 30분,TENSION RELEASE MASSAGE - INDULGE- 30minutes,성인,"81,122 원"
TC94393852,키즈마사지 60분,Kids massage60 mins,아동,"19,763 원"
TC94393852,키즈마사지 90분,Kids massage 90 mins,아동,"25,561 원"
TC94393852,발마사지 60분,Foot massage  60 mins,성인,"28,638 원"
TC94393852,아로마마사지 60분,Aroma massage 60 mins,성인,"28,638 원"
TC94393852,타이마사지 60분,Thai massage 60 mins,성인,"28,638 원"
TC94393852,임산부마사지 60분,Pregnancy massage 60 mins,성인,"28,638 원"
TC94393852,썬번케어 오일마사지 60분,Sun burn care oil massage 60 mins,성인,"28,638 원"
TC94393852,키즈마사지 120분,Kids massage 120 mins,아동,"31,301 원"
TC94393852,발마사지 90분,Foot massage  90 mins,성인,"35,561 원"
TC94393852,아로마마사지 90분,Aroma massage 90 mins,성인,"35,561 원"
TC94393852,타이마사지 90분,Thai massage 90 mins,성인,"35,561 원"
TC94393852,임산부마사지 90분 (임신 5개월이상부터),Pregnancy massage 90 mins (from 5month),성인,"35,561 원"
TC94393852,썬번케어 오일마사지 90분,Sun burn care oil massage 90 mins,성인,"35,561 원"
TC94393852,핫스톤마사지 90분,Hot stone 90 mins,성인,"36,685 원"
TC94393852,아로마마사지 120분,Aroma massage 120 mins,성인,"40,531 원"
TC94393852,타이마사지 120분,Thai massage 120 mins,성인,"40,531 원"
TC94393852,임산부마사지 120분 (임신 5개월이상부터),Pregnancy massage 120 mins (from 5month),성인,"40,531 원"
TC94393852,발마사지 120분,Foot massage  120 mins,성인,"40,531 원"
TC94393852,썬번케어 오일마사지 120분,Sun burn care oil massage 120 mins,성인,"40,531 원"
TC94393852,핫스톤마사지 120분,Hot stone 120 mins,성인,"42,070 원"
TC94999223,야간 오징어낚시&선셋투어,NIGHT SQUID FISHING  & PHU QUOC SUNSET,아동,"11,420 원"
TC94999223,야간 오징어낚시&선셋투어,NIGHT SQUID FISHING  & PHU QUOC SUNSET,성인,"15,443 원"
TC95469251,아로마 마사지 60분,AROMA MASSAGE 60p,성인,"25,443 원"
TC95469251,알로에 베라 마사지 60분,ALOE VERA MASSAGE 60p,성인,"25,443 원"
TC95469251,아동마사지 60분,CHILDREN MASSAGE 60p,아동,"25,443 원"
TC95469251,아로마 마사지 90분,AROMA MASSAGE 90p,성인,"32,544 원"
TC95469251,알로에 베라 마사지 90분,ALOE VERA MASSAGE 90p,성인,"32,544 원"
TC95469251,아동마사지 90분,CHILDREN MASSAGE 90p,아동,"32,544 원"
TC95469251,핫 스톤 마사지 90분,HOT STONE MASSAGE 90p,성인,"33,727 원"
TC95469251,K스파 건식 마사지 60분,K SPA DRY MASSAGE 60p,성인,"34,910 원"
TC95469251,아로마 마사지 120분,AROMA MASSAGE 120p,성인,"39,052 원"
TC95469251,알로에 베라 마사지 120분,ALOE VERA MASSAGE 120p,성인,"39,052 원"
TC95469251,아동마사지 120분,CHILDREN MASSAGE 120p,아동,"39,052 원"
TC95469251,핫 스톤 마사지 120분,HOT STONE MASSAGE 120p,성인,"40,827 원"
TC95469251,스페셜 K스파 마사지 90분,SPECIAL K SPA MASSAGE 90p,성인,"40,827 원"
TC95469251,K스파 건식 마사지 90분,K SPA DRY MASSAGE 90p,성인,"42,011 원"
TC95469251,스페셜 K스파 마사지 120분,SPECIAL K SPA MASSAGE 120p,성인,"47,336 원"
TC98043796,발 마사지 60분,Foot Massage 60min,아동,"23,076 원"
TC98043796,아로마 오일 마사지 60분,Aroma Oil Massage 60min,아동,"25,443 원"
TC98043796,발 마사지 60분,Foot Massage 60min,성인,"27,218 원"
TC98043796,발 마사지 90분,Foot Massage 90min,아동,"27,218 원"
TC98043796,태국식 마사지 60분,Thai Massage 60min,아동,"27,218 원"
TC98043796,뷰티 스파 - A코스 (60분),Beauty Spa - A course (60min),아동,"27,218 원"
TC98043796,아로마 오일 마사지 60분,Aroma Oil Massage 60min,성인,"30,768 원"
TC98043796,아로마 오일 마사지 90분,Aroma Oil Massage 90min,아동,"33,135 원"
TC98043796,발 마사지 90분,Foot Massage 90min,성인,"33,727 원"
TC98043796,태국식 마사지 60분,Thai Massage 60min,성인,"33,727 원"
TC98043796,뷰티 스파 - A코스 (60분),Beauty Spa - A course (60min),성인,"33,727 원"
TC98043796,태국식 마사지 90분,Thai Massage 90min,아동,"37,869 원"
TC98043796,뷰티 스파 - B코스 (90분),Beauty Spa - B course (90min),아동,"40,236 원"
TC98043796,아로마 오일 마사지 120분,Aroma Oil Massage 120min,아동,"41,419 원"
TC98043796,아로마 오일 마사지 90분,Aroma Oil Massage 90min,성인,"42,011 원"
TC98043796,태국식 마사지 90분,Thai Massage 90min,성인,"47,928 원"
TC98043796,태국식 마사지 120분,Thai Massage 120min,아동,"48,519 원"
TC98043796,뷰티 스파 - C코스 (120분),Beauty Spa - C course (120min),아동,"48,519 원"
TC98043796,뷰티 스파 - B코스 (90분),Beauty Spa - B course (90min),성인,"50,886 원"
TC98043796,아로마 오일 마사지 120분,Aroma Oil Massage 120min,성인,"53,253 원"
TC98043796,태국식 마사지 120분,Thai Massage 120min,성인,"60,945 원"
TC98043796,뷰티 스파 - C코스 (120분),Beauty Spa - C course (120min),성인,"60,945 원"
TC99462579,스카이라이트 입장권,Skylight Nha Trang - Entrance ticket,성인,"8,876 원"
